関数名,サンプル数 (関数のみ),サンプル % (関数のみ),サンプル数 (子を含む),サンプル % (子を含む),ソース開始行,ソース開始文字番号,ソース終了行,ソース終了文字番号,関数アドレス,関数行番号,ソース ファイル,モジュール名,モジュール パス,プロセス名,プロセス ID,ソース/行番号,
"@RtlpAllocateHeap@24",1,0.03,1,0.03,0,0,0,0,0x77A738FD,0,"","ntdll.dll","C:\Windows\SysWOW64\ntdll.dll","mic.exe",4144,";[0,0]->[0,0]",
"@RtlpLowFragHeapAllocFromContext@8",3,0.10,5,0.16,0,0,0,0,0x77A6E269,0,"","ntdll.dll","C:\Windows\SysWOW64\ntdll.dll","mic.exe",4144,";[0,0]->[0,0]",
"@RtlpLowFragHeapFree@8",2,0.07,2,0.07,0,0,0,0,0x77A6E392,0,"","ntdll.dll","C:\Windows\SysWOW64\ntdll.dll","mic.exe",4144,";[0,0]->[0,0]",
"[ig7icd32.dll]",360,11.71,365,11.87,0,0,0,0,0x0F650000,0,"<不明>","ig7icd32.dll","C:\Windows\system32\ig7icd32.dll","mic.exe",4144,"<不明>;[0,0]->[0,0]",
"[imjp14.ime]",0,0.00,1,0.03,0,0,0,0,0x6B3F0000,0,"<不明>","imjp14.ime","C:\Windows\system32\imjp14.ime","mic.exe",4144,"<不明>;[0,0]->[0,0]",
"[libfftw3f-3.dll]",81,2.64,85,2.77,0,0,0,0,0x63740000,0,"<不明>","libfftw3f-3.dll","C:\Users\takana\Documents\visual studio 2010\Projects\AuditorySceneAnalysis\Debug\libfftw3f-3.dll","mic.exe",4144,"<不明>;[0,0]->[0,0]",
"[portaudio_x86.dll]",1,0.03,4,0.13,0,0,0,0,0x6F260000,0,"<不明>","portaudio_x86.dll","D:\PATH\portaudio_x86.dll","mic.exe",4144,"<不明>;[0,0]->[0,0]",
"[snxhk.dll]",1,0.03,3,0.10,0,0,0,0,0x70B80000,0,"<不明>","snxhk.dll","C:\Program Files\AVAST Software\Avast\snxhk.dll","mic.exe",4144,"<不明>;[0,0]->[0,0]",
"___DrvSwapBuffers@8",0,0.00,1,0.03,0,0,0,0,0x6CA0C768,0,"","OPENGL32.dll","C:\Windows\system32\OPENGL32.dll","mic.exe",4144,";[0,0]->[0,0]",
"___fnDWORD@4",0,0.00,2,0.07,0,0,0,0,0x76FF6E19,0,"","USER32.dll","C:\Windows\syswow64\USER32.dll","mic.exe",4144,";[0,0]->[0,0]",
"__DevObjOpenDeviceInterface@16",0,0.00,1,0.03,0,0,0,0,0x77134D10,0,"","DEVOBJ.dll","C:\Windows\syswow64\DEVOBJ.dll","mic.exe",4144,";[0,0]->[0,0]",
"__endthreadex",0,0.00,3,0.10,0,0,0,0,0x71F8C51C,0,"","MSVCR100.dll","C:\Windows\system32\MSVCR100.dll","mic.exe",4144,";[0,0]->[0,0]",
"__SEH_prolog4",1,0.03,1,0.03,0,0,0,0,0x77A6DEC4,0,"","ntdll.dll","C:\Windows\SysWOW64\ntdll.dll","mic.exe",4144,";[0,0]->[0,0]",
"__tmainCRTStartup",0,0.00,2955,96.13,555,0,555,0,0x013D0880,378,"f:\dd\vctools\crt_bld\self_x86\crt\src\crtexe.c","mic.exe","C:\Users\takana\Documents\visual studio 2010\Projects\AuditorySceneAnalysis\Debug\mic.exe","mic.exe",4144,"f:\dd\vctools\crt_bld\self_x86\crt\src\crtexe.c;[555,0]->[555,0]",
"_ApphelpCheckExe@16",0,0.00,1,0.03,0,0,0,0,0x734A5D8D,0,"","apphelp.dll","C:\Windows\system32\apphelp.dll","mic.exe",4144,";[0,0]->[0,0]",
"_ApphelpCheckIME@4",0,0.00,1,0.03,0,0,0,0,0x734B66F4,0,"","apphelp.dll","C:\Windows\system32\apphelp.dll","mic.exe",4144,";[0,0]->[0,0]",
"_ApphelpCheckModule@24",0,0.00,1,0.03,0,0,0,0,0x7349A7ED,0,"","apphelp.dll","C:\Windows\system32\apphelp.dll","mic.exe",4144,";[0,0]->[0,0]",
"_ApphelpQueryExe@24",0,0.00,1,0.03,0,0,0,0,0x7349DFBD,0,"","apphelp.dll","C:\Windows\system32\apphelp.dll","mic.exe",4144,";[0,0]->[0,0]",
"_BaseGetProcessDllPath@12",0,0.00,1,0.03,0,0,0,0,0x7622C223,0,"","KERNELBASE.dll","C:\Windows\syswow64\KERNELBASE.dll","mic.exe",4144,";[0,0]->[0,0]",
"_BasepGetCachedPath@28",0,0.00,1,0.03,0,0,0,0,0x7622C02D,0,"","KERNELBASE.dll","C:\Windows\syswow64\KERNELBASE.dll","mic.exe",4144,";[0,0]->[0,0]",
"_CallWindowProcAorW@24",0,0.00,2,0.07,0,0,0,0,0x77000CC9,0,"","USER32.dll","C:\Windows\syswow64\USER32.dll","mic.exe",4144,";[0,0]->[0,0]",
"_CallWindowProcW@20",0,0.00,2,0.07,0,0,0,0,0x77000D32,0,"","USER32.dll","C:\Windows\syswow64\USER32.dll","mic.exe",4144,";[0,0]->[0,0]",
"_CheckAndApplyAppCompat@4",0,0.00,1,0.03,0,0,0,0,0x76E3890E,0,"","IMM32.DLL","C:\Windows\system32\IMM32.DLL","mic.exe",4144,";[0,0]->[0,0]",
"_CM_Locate_DevNode_ExW@16",0,0.00,1,0.03,0,0,0,0,0x76A76971,0,"","CFGMGR32.dll","C:\Windows\syswow64\CFGMGR32.dll","mic.exe",4144,";[0,0]->[0,0]",
"_CreateAnyContext@4",0,0.00,1,0.03,0,0,0,0,0x6CA0B5B7,0,"","OPENGL32.dll","C:\Windows\system32\OPENGL32.dll","mic.exe",4144,";[0,0]->[0,0]",
"_CtfLoadThreadLayout@4",0,0.00,1,0.03,0,0,0,0,0x76FFB550,0,"","USER32.dll","C:\Windows\syswow64\USER32.dll","mic.exe",4144,";[0,0]->[0,0]",
"_DefWindowProcA@16",0,0.00,2,0.07,0,0,0,0,0x76FFCFF8,0,"","USER32.dll","C:\Windows\syswow64\USER32.dll","mic.exe",4144,";[0,0]->[0,0]",
"_DevObjGetDeviceInterfaceAlias@16",0,0.00,1,0.03,0,0,0,0,0x77133F8C,0,"","DEVOBJ.dll","C:\Windows\syswow64\DEVOBJ.dll","mic.exe",4144,";[0,0]->[0,0]",
"_DevObjOpenDeviceInterface@16",0,0.00,1,0.03,0,0,0,0,0x77134C9C,0,"","DEVOBJ.dll","C:\Windows\syswow64\DEVOBJ.dll","mic.exe",4144,";[0,0]->[0,0]",
"_DIB_HandleMessage",0,0.00,2,0.07,308,0,308,0,0x6D24D820,133,"c:\users\takana\desktop\sdl-1.2.15\src\video\windib\sdl_dibevents.c","SDL.dll","C:\Users\takana\Documents\visual studio 2010\Projects\AuditorySceneAnalysis\Debug\SDL.dll","mic.exe",4144,"c:\users\takana\desktop\sdl-1.2.15\src\video\windib\sdl_dibevents.c;[308,0]->[308,0]",
"_DIB_PumpEvents",0,0.00,1,0.03,366,0,366,0,0x6D24DD40,361,"c:\users\takana\desktop\sdl-1.2.15\src\video\windib\sdl_dibevents.c","SDL.dll","C:\Users\takana\Documents\visual studio 2010\Projects\AuditorySceneAnalysis\Debug\SDL.dll","mic.exe",4144,"c:\users\takana\desktop\sdl-1.2.15\src\video\windib\sdl_dibevents.c;[366,0]->[366,0]",
"_DIB_SetVideoMode",0,0.00,1,0.03,913,0,913,0,0x6D24F970,585,"c:\users\takana\desktop\sdl-1.2.15\src\video\windib\sdl_dibvideo.c","SDL.dll","C:\Users\takana\Documents\visual studio 2010\Projects\AuditorySceneAnalysis\Debug\SDL.dll","mic.exe",4144,"c:\users\takana\desktop\sdl-1.2.15\src\video\windib\sdl_dibvideo.c;[913,0]->[913,0]",
"_DispatchClientMessage@24",0,0.00,2,0.07,0,0,0,0,0x76FF6D97,0,"","USER32.dll","C:\Windows\syswow64\USER32.dll","mic.exe",4144,";[0,0]->[0,0]",
"_DispatchMessageA@4",0,0.00,1,0.03,0,0,0,0,0x76FF7BBB,0,"","USER32.dll","C:\Windows\syswow64\USER32.dll","mic.exe",4144,";[0,0]->[0,0]",
"_DispatchMessageWorker@8",0,0.00,1,0.03,0,0,0,0,0x76FF76D7,0,"","USER32.dll","C:\Windows\syswow64\USER32.dll","mic.exe",4144,";[0,0]->[0,0]",
"_FocusSetIMCContext@8",0,0.00,1,0.03,0,0,0,0,0x76FFD9BB,0,"","USER32.dll","C:\Windows\syswow64\USER32.dll","mic.exe",4144,";[0,0]->[0,0]",
"_free",1,0.03,3,0.10,0,0,0,0,0x75FC9894,0,"","msvcrt.dll","C:\Windows\syswow64\msvcrt.dll","mic.exe",4144,";[0,0]->[0,0]",
"_GetAPI@12",0,0.00,3,0.10,0,0,0,0,0x76105865,0,"","GDI32.dll","C:\Windows\syswow64\GDI32.dll","mic.exe",4144,";[0,0]->[0,0]",
"_GetPixelFormat@4",0,0.00,1,0.03,0,0,0,0,0x760E481A,0,"","GDI32.dll","C:\Windows\syswow64\GDI32.dll","mic.exe",4144,";[0,0]->[0,0]",
"_glColor4f@16",9,0.29,9,0.29,0,0,0,0,0x6C9D197C,0,"","OPENGL32.dll","C:\Windows\system32\OPENGL32.dll","mic.exe",4144,";[0,0]->[0,0]",
"_GlobalAlloc@8",1,0.03,2,0.07,0,0,0,0,0x76234DE7,0,"","KERNELBASE.dll","C:\Windows\syswow64\KERNELBASE.dll","mic.exe",4144,";[0,0]->[0,0]",
"_glVertex2f@8",19,0.62,19,0.62,0,0,0,0,0x6C9D1CA0,0,"","OPENGL32.dll","C:\Windows\system32\OPENGL32.dll","mic.exe",4144,";[0,0]->[0,0]",
"_ImeNotifyHandler@16",0,0.00,1,0.03,0,0,0,0,0x76FFD718,0,"","USER32.dll","C:\Windows\syswow64\USER32.dll","mic.exe",4144,";[0,0]->[0,0]",
"_ImeSetContextHandler@16",0,0.00,1,0.03,0,0,0,0,0x76FFD7E2,0,"","USER32.dll","C:\Windows\syswow64\USER32.dll","mic.exe",4144,";[0,0]->[0,0]",
"_ImeSystemHandler@16",0,0.00,2,0.07,0,0,0,0,0x76FFADAD,0,"","USER32.dll","C:\Windows\syswow64\USER32.dll","mic.exe",4144,";[0,0]->[0,0]",
"_ImeWndProcW@16",0,0.00,2,0.07,0,0,0,0,0x76FF75C4,0,"","USER32.dll","C:\Windows\syswow64\USER32.dll","mic.exe",4144,";[0,0]->[0,0]",
"_ImeWndProcWorker@24",0,0.00,2,0.07,0,0,0,0,0x76FF74C5,0,"","USER32.dll","C:\Windows\syswow64\USER32.dll","mic.exe",4144,";[0,0]->[0,0]",
"_ImmLoadIME@4",0,0.00,1,0.03,0,0,0,0,0x76E3197A,0,"","IMM32.DLL","C:\Windows\system32\IMM32.DLL","mic.exe",4144,";[0,0]->[0,0]",
"_ImmSetActiveContext@12",0,0.00,1,0.03,0,0,0,0,0x76E32246,0,"","IMM32.DLL","C:\Windows\system32\IMM32.DLL","mic.exe",4144,";[0,0]->[0,0]",
"_InternalCallWinProc@20",0,0.00,3,0.10,0,0,0,0,0x76FF62D7,0,"","USER32.dll","C:\Windows\syswow64\USER32.dll","mic.exe",4144,";[0,0]->[0,0]",
"_IsWindowInDestroy@4",1,0.03,1,0.03,0,0,0,0,0x77000DA5,0,"","USER32.dll","C:\Windows\syswow64\USER32.dll","mic.exe",4144,";[0,0]->[0,0]",
"_KernelBaseGetGlobalData@0",1,0.03,1,0.03,0,0,0,0,0x76226C21,0,"","KERNELBASE.dll","C:\Windows\syswow64\KERNELBASE.dll","mic.exe",4144,";[0,0]->[0,0]",
"_KiUserCallbackDispatcher@12",0,0.00,2,0.07,0,0,0,0,0x77A500DC,0,"","ntdll.dll","C:\Windows\SysWOW64\ntdll.dll","mic.exe",4144,";[0,0]->[0,0]",
"_LdrLoadDll@16",1,0.03,2,0.07,0,0,0,0,0x77A7C45A,0,"","ntdll.dll","C:\Windows\SysWOW64\ntdll.dll","mic.exe",4144,";[0,0]->[0,0]",
"_LdrpFindLoadedDllByMapping@12",0,0.00,1,0.03,0,0,0,0,0x77A80CE3,0,"","ntdll.dll","C:\Windows\SysWOW64\ntdll.dll","mic.exe",4144,";[0,0]->[0,0]",
"_LdrpFindOrMapDll@24",0,0.00,1,0.03,0,0,0,0,0x77A7C10D,0,"","ntdll.dll","C:\Windows\SysWOW64\ntdll.dll","mic.exe",4144,";[0,0]->[0,0]",
"_LdrpLoadDll@24",0,0.00,1,0.03,0,0,0,0,0x77A7C1FE,0,"","ntdll.dll","C:\Windows\SysWOW64\ntdll.dll","mic.exe",4144,";[0,0]->[0,0]",
"_LoadIME@12",0,0.00,1,0.03,0,0,0,0,0x76E38AE7,0,"","IMM32.DLL","C:\Windows\system32\IMM32.DLL","mic.exe",4144,";[0,0]->[0,0]",
"_LoadImeDpi@8",0,0.00,1,0.03,0,0,0,0,0x76E31A66,0,"","IMM32.DLL","C:\Windows\system32\IMM32.DLL","mic.exe",4144,";[0,0]->[0,0]",
"_LoadLibraryA@4",0,0.00,3,0.10,0,0,0,0,0x751F49BF,0,"","KERNEL32.dll","C:\Windows\syswow64\KERNEL32.dll","mic.exe",4144,";[0,0]->[0,0]",
"_LoadLibraryExA@12",0,0.00,3,0.10,0,0,0,0,0x76232CCC,0,"","KERNELBASE.dll","C:\Windows\syswow64\KERNELBASE.dll","mic.exe",4144,";[0,0]->[0,0]",
"_LoadLibraryExW@12",0,0.00,4,0.13,0,0,0,0,0x76232AA4,0,"","KERNELBASE.dll","C:\Windows\syswow64\KERNELBASE.dll","mic.exe",4144,";[0,0]->[0,0]",
"_main",0,0.00,2955,96.13,0,0,0,0,0x013D1F30,0,"","mic.exe","C:\Users\takana\Documents\visual studio 2010\Projects\AuditorySceneAnalysis\Debug\mic.exe","mic.exe",4144,";[0,0]->[0,0]",
"_mainCRTStartup",0,0.00,116,3.77,0,0,0,0,0x013D0860,361,"f:\dd\vctools\crt_bld\self_x86\crt\src\crtexe.c","mic.exe","C:\Users\takana\Documents\visual studio 2010\Projects\AuditorySceneAnalysis\Debug\mic.exe","mic.exe",4144,"f:\dd\vctools\crt_bld\self_x86\crt\src\crtexe.c;[0,0]->[0,0]",
"_mainCRTStartup",0,0.00,2955,96.13,370,0,370,0,0x013D0860,361,"f:\dd\vctools\crt_bld\self_x86\crt\src\crtexe.c","mic.exe","C:\Users\takana\Documents\visual studio 2010\Projects\AuditorySceneAnalysis\Debug\mic.exe","mic.exe",4144,"f:\dd\vctools\crt_bld\self_x86\crt\src\crtexe.c;[370,0]->[370,0]",
"_malloc",0,0.00,1,0.03,0,0,0,0,0x75FC9CEE,0,"","msvcrt.dll","C:\Windows\syswow64\msvcrt.dll","mic.exe",4144,";[0,0]->[0,0]",
"_memcpy",1,0.03,1,0.03,0,0,0,0,0x77A62320,0,"","ntdll.dll","C:\Windows\SysWOW64\ntdll.dll","mic.exe",4144,";[0,0]->[0,0]",
"_memset",1,0.03,1,0.03,0,0,0,0,0x75FC9790,0,"","msvcrt.dll","C:\Windows\syswow64\msvcrt.dll","mic.exe",4144,";[0,0]->[0,0]",
"_memset",1,0.03,1,0.03,0,0,0,0,0x7365B680,0,"","MSVCR90.dll","C:\Windows\WinSxS\x86_microsoft.vc90.crt_1fc8b3b9a1e18e3b_9.0.30729.6161_none_50934f2ebcb7eb57\MSVCR90.dll","mic.exe",4144,";[0,0]->[0,0]",
"_mregHandleInternalMessages@28",0,0.00,1,0.03,0,0,0,0,0x71675FA3,0,"","WINMM.dll","C:\Windows\system32\WINMM.dll","mic.exe",4144,";[0,0]->[0,0]",
"_NtAreMappedFilesTheSame@8",1,0.03,1,0.03,0,0,0,0,0x77A60560,0,"","ntdll.dll","C:\Windows\SysWOW64\ntdll.dll","mic.exe",4144,";[0,0]->[0,0]",
"_NtUserCreateWindowEx@60",0,0.00,1,0.03,0,0,0,0,0x76FFA948,0,"","USER32.dll","C:\Windows\syswow64\USER32.dll","mic.exe",4144,";[0,0]->[0,0]",
"_NtUserSetWindowPos@28",0,0.00,1,0.03,0,0,0,0,0x76FF8E4E,0,"","USER32.dll","C:\Windows\syswow64\USER32.dll","mic.exe",4144,";[0,0]->[0,0]",
"_pSetupOpenAndAddNewDevInfoElem@52",0,0.00,1,0.03,0,0,0,0,0x77132E33,0,"","DEVOBJ.dll","C:\Windows\syswow64\DEVOBJ.dll","mic.exe",4144,";[0,0]->[0,0]",
"_RealDefWindowProcA@16",0,0.00,1,0.03,0,0,0,0,0x76FFCFC5,0,"","USER32.dll","C:\Windows\syswow64\USER32.dll","mic.exe",4144,";[0,0]->[0,0]",
"_RealDefWindowProcWorker@24",0,0.00,1,0.03,0,0,0,0,0x76FF69ED,0,"","USER32.dll","C:\Windows\syswow64\USER32.dll","mic.exe",4144,";[0,0]->[0,0]",
"_RtlAllocateHeap@12",0,0.00,5,0.16,0,0,0,0,0x77A6E046,0,"","ntdll.dll","C:\Windows\SysWOW64\ntdll.dll","mic.exe",4144,";[0,0]->[0,0]",
"_RtlFreeHeap@12",0,0.00,3,0.10,0,0,0,0,0x77A6DFA5,0,"","ntdll.dll","C:\Windows\SysWOW64\ntdll.dll","mic.exe",4144,";[0,0]->[0,0]",
"_SdbFindFirstTag@12",0,0.00,2,0.07,0,0,0,0,0x734935C7,0,"","apphelp.dll","C:\Windows\system32\apphelp.dll","mic.exe",4144,";[0,0]->[0,0]",
"_SdbGetFirstChild@8",0,0.00,1,0.03,0,0,0,0,0x7349360D,0,"","apphelp.dll","C:\Windows\system32\apphelp.dll","mic.exe",4144,";[0,0]->[0,0]",
"_SdbGetMatchingExe@24",0,0.00,1,0.03,0,0,0,0,0x7349DF94,0,"","apphelp.dll","C:\Windows\system32\apphelp.dll","mic.exe",4144,";[0,0]->[0,0]",
"_SdbGetMatchingExeEx@32",0,0.00,1,0.03,0,0,0,0,0x73494AC8,0,"","apphelp.dll","C:\Windows\system32\apphelp.dll","mic.exe",4144,";[0,0]->[0,0]",
"_SdbGetTagFromTagID@8",0,0.00,1,0.03,0,0,0,0,0x73493660,0,"","apphelp.dll","C:\Windows\system32\apphelp.dll","mic.exe",4144,";[0,0]->[0,0]",
"_SdbpCheckExe@36",0,0.00,1,0.03,0,0,0,0,0x73494FA9,0,"","apphelp.dll","C:\Windows\system32\apphelp.dll","mic.exe",4144,";[0,0]->[0,0]",
"_SdbpFindNextIndexedWildCardTag@8",0,0.00,1,0.03,0,0,0,0,0x73495D2F,0,"","apphelp.dll","C:\Windows\system32\apphelp.dll","mic.exe",4144,";[0,0]->[0,0]",
"_SdbpGetNextTagId@8",0,0.00,1,0.03,0,0,0,0,0x73493471,0,"","apphelp.dll","C:\Windows\system32\apphelp.dll","mic.exe",4144,";[0,0]->[0,0]",
"_SdbpGetTagHeadSize@8",0,0.00,1,0.03,0,0,0,0,0x73493734,0,"","apphelp.dll","C:\Windows\system32\apphelp.dll","mic.exe",4144,";[0,0]->[0,0]",
"_SdbpReadMappedData@16",1,0.03,2,0.07,0,0,0,0,0x73493690,0,"","apphelp.dll","C:\Windows\system32\apphelp.dll","mic.exe",4144,";[0,0]->[0,0]",
"_SdbpSearchDB@24",0,0.00,1,0.03,0,0,0,0,0x73495709,0,"","apphelp.dll","C:\Windows\system32\apphelp.dll","mic.exe",4144,";[0,0]->[0,0]",
"_SDL_GL_SwapBuffers",0,0.00,3,0.10,1537,0,1537,0,0x6D27AF30,1532,"c:\users\takana\desktop\sdl-1.2.15\src\video\sdl_video.c","SDL.dll","C:\Users\takana\Documents\visual studio 2010\Projects\AuditorySceneAnalysis\Debug\SDL.dll","mic.exe",4144,"c:\users\takana\desktop\sdl-1.2.15\src\video\sdl_video.c;[1537,0]->[1537,0]",
"_SDL_main",0,0.00,1,0.03,50,0,50,0,0x013CBC10,23,"c:\users\takana\documents\visual studio 2010\projects\auditorysceneanalysis\mic\main.cpp","mic.exe","C:\Users\takana\Documents\visual studio 2010\Projects\AuditorySceneAnalysis\Debug\mic.exe","mic.exe",4144,"c:\users\takana\documents\visual studio 2010\projects\auditorysceneanalysis\mic\main.cpp;[50,0]->[50,0]",
"_SDL_main",0,0.00,1,0.03,51,0,51,0,0x013CBC10,23,"c:\users\takana\documents\visual studio 2010\projects\auditorysceneanalysis\mic\main.cpp","mic.exe","C:\Users\takana\Documents\visual studio 2010\Projects\AuditorySceneAnalysis\Debug\mic.exe","mic.exe",4144,"c:\users\takana\documents\visual studio 2010\projects\auditorysceneanalysis\mic\main.cpp;[51,0]->[51,0]",
"_SDL_main",0,0.00,1,0.03,55,0,55,0,0x013CBC10,23,"c:\users\takana\documents\visual studio 2010\projects\auditorysceneanalysis\mic\main.cpp","mic.exe","C:\Users\takana\Documents\visual studio 2010\Projects\AuditorySceneAnalysis\Debug\mic.exe","mic.exe",4144,"c:\users\takana\documents\visual studio 2010\projects\auditorysceneanalysis\mic\main.cpp;[55,0]->[55,0]",
"_SDL_main",0,0.00,2,0.07,64,0,64,0,0x013CBC10,23,"c:\users\takana\documents\visual studio 2010\projects\auditorysceneanalysis\mic\main.cpp","mic.exe","C:\Users\takana\Documents\visual studio 2010\Projects\AuditorySceneAnalysis\Debug\mic.exe","mic.exe",4144,"c:\users\takana\documents\visual studio 2010\projects\auditorysceneanalysis\mic\main.cpp;[64,0]->[64,0]",
"_SDL_main",0,0.00,2947,95.87,65,0,65,0,0x013CBC10,23,"c:\users\takana\documents\visual studio 2010\projects\auditorysceneanalysis\mic\main.cpp","mic.exe","C:\Users\takana\Documents\visual studio 2010\Projects\AuditorySceneAnalysis\Debug\mic.exe","mic.exe",4144,"c:\users\takana\documents\visual studio 2010\projects\auditorysceneanalysis\mic\main.cpp;[65,0]->[65,0]",
"_SDL_main",0,0.00,3,0.10,72,0,72,0,0x013CBC10,23,"c:\users\takana\documents\visual studio 2010\projects\auditorysceneanalysis\mic\main.cpp","mic.exe","C:\Users\takana\Documents\visual studio 2010\Projects\AuditorySceneAnalysis\Debug\mic.exe","mic.exe",4144,"c:\users\takana\documents\visual studio 2010\projects\auditorysceneanalysis\mic\main.cpp;[72,0]->[72,0]",
"_SDL_PollEvent",0,0.00,1,0.03,395,0,395,0,0x6D25BB80,394,"c:\users\takana\desktop\sdl-1.2.15\src\events\sdl_events.c","SDL.dll","C:\Users\takana\Documents\visual studio 2010\Projects\AuditorySceneAnalysis\Debug\SDL.dll","mic.exe",4144,"c:\users\takana\desktop\sdl-1.2.15\src\events\sdl_events.c;[395,0]->[395,0]",
"_SDL_PumpEvents",0,0.00,1,0.03,376,0,376,0,0x6D25BB00,369,"c:\users\takana\desktop\sdl-1.2.15\src\events\sdl_events.c","SDL.dll","C:\Users\takana\Documents\visual studio 2010\Projects\AuditorySceneAnalysis\Debug\SDL.dll","mic.exe",4144,"c:\users\takana\desktop\sdl-1.2.15\src\events\sdl_events.c;[376,0]->[376,0]",
"_SDL_SetVideoMode",0,0.00,1,0.03,683,0,683,0,0x6D278010,584,"c:\users\takana\desktop\sdl-1.2.15\src\video\sdl_video.c","SDL.dll","C:\Users\takana\Documents\visual studio 2010\Projects\AuditorySceneAnalysis\Debug\SDL.dll","mic.exe",4144,"c:\users\takana\desktop\sdl-1.2.15\src\video\sdl_video.c;[683,0]->[683,0]",
"_SendMessageToUI@20",0,0.00,1,0.03,0,0,0,0,0x76FFD611,0,"","USER32.dll","C:\Windows\syswow64\USER32.dll","mic.exe",4144,";[0,0]->[0,0]",
"_SendMessageW@16",0,0.00,1,0.03,0,0,0,0,0x76FF9679,0,"","USER32.dll","C:\Windows\syswow64\USER32.dll","mic.exe",4144,";[0,0]->[0,0]",
"_SendMessageWorker@24",0,0.00,1,0.03,0,0,0,0,0x76FF954C,0,"","USER32.dll","C:\Windows\syswow64\USER32.dll","mic.exe",4144,";[0,0]->[0,0]",
"_SendOpenStatusNotify@12",0,0.00,1,0.03,0,0,0,0,0x76FFD9FA,0,"","USER32.dll","C:\Windows\syswow64\USER32.dll","mic.exe",4144,";[0,0]->[0,0]",
"_SetupDiGetDeviceInterfaceAlias@16",0,0.00,1,0.03,0,0,0,0,0x7627ACF4,0,"","SETUPAPI.dll","C:\Windows\syswow64\SETUPAPI.dll","mic.exe",4144,";[0,0]->[0,0]",
"_SwapBuffers@4",0,0.00,3,0.10,0,0,0,0,0x761059FB,0,"","GDI32.dll","C:\Windows\syswow64\GDI32.dll","mic.exe",4144,";[0,0]->[0,0]",
"_ThemeDefWindowProc(struct HWND__ *,unsigned int,unsigned int,long,int)",0,0.00,1,0.03,0,0,0,0,0x74C60A12,0,"","uxtheme.dll","C:\Windows\system32\uxtheme.dll","mic.exe",4144,";[0,0]->[0,0]",
"_ThemeDefWindowProcA@16",0,0.00,1,0.03,0,0,0,0,0x74C622AB,0,"","uxtheme.dll","C:\Windows\system32\uxtheme.dll","mic.exe",4144,";[0,0]->[0,0]",
"_UserCallWinProcCheckWow@32",0,0.00,3,0.10,0,0,0,0,0x76FF6C83,0,"","USER32.dll","C:\Windows\syswow64\USER32.dll","mic.exe",4144,";[0,0]->[0,0]",
"_VerNtUserCreateWindowEx@52",0,0.00,1,0.03,0,0,0,0,0x76FFA75E,0,"","USER32.dll","C:\Windows\syswow64\USER32.dll","mic.exe",4144,";[0,0]->[0,0]",
"_waveInMessage@16",0,0.00,1,0.03,0,0,0,0,0x71679763,0,"","WINMM.dll","C:\Windows\system32\WINMM.dll","mic.exe",4144,";[0,0]->[0,0]",
"_wcsncmp",1,0.03,1,0.03,0,0,0,0,0x77A77F95,0,"","ntdll.dll","C:\Windows\SysWOW64\ntdll.dll","mic.exe",4144,";[0,0]->[0,0]",
"_wglCbPresentBuffers@8",1,0.03,1,0.03,0,0,0,0,0x6CA0C3E9,0,"","OPENGL32.dll","C:\Windows\system32\OPENGL32.dll","mic.exe",4144,";[0,0]->[0,0]",
"_wglCreateContext@4",0,0.00,1,0.03,0,0,0,0,0x6CA0B8E0,0,"","OPENGL32.dll","C:\Windows\system32\OPENGL32.dll","mic.exe",4144,";[0,0]->[0,0]",
"_wglCreateLayerContext@8",0,0.00,1,0.03,0,0,0,0,0x6CA0B7A4,0,"","OPENGL32.dll","C:\Windows\system32\OPENGL32.dll","mic.exe",4144,";[0,0]->[0,0]",
"_wglSwapBuffers@4",0,0.00,1,0.03,0,0,0,0,0x6CA15E21,0,"","OPENGL32.dll","C:\Windows\system32\OPENGL32.dll","mic.exe",4144,";[0,0]->[0,0]",
"_wglWndProc@16",0,0.00,1,0.03,0,0,0,0,0x6CA15EF0,0,"","OPENGL32.dll","C:\Windows\system32\OPENGL32.dll","mic.exe",4144,";[0,0]->[0,0]",
"_WIN_GL_SetupWindow",0,0.00,1,0.03,305,0,305,0,0x6D27DE80,173,"c:\users\takana\desktop\sdl-1.2.15\src\video\wincommon\sdl_wingl.c","SDL.dll","C:\Users\takana\Documents\visual studio 2010\Projects\AuditorySceneAnalysis\Debug\SDL.dll","mic.exe",4144,"c:\users\takana\desktop\sdl-1.2.15\src\video\wincommon\sdl_wingl.c;[305,0]->[305,0]",
"_WIN_GL_SwapBuffers",0,0.00,3,0.10,573,0,573,0,0x6D27F620,572,"c:\users\takana\desktop\sdl-1.2.15\src\video\wincommon\sdl_wingl.c","SDL.dll","C:\Users\takana\Documents\visual studio 2010\Projects\AuditorySceneAnalysis\Debug\SDL.dll","mic.exe",4144,"c:\users\takana\desktop\sdl-1.2.15\src\video\wincommon\sdl_wingl.c;[573,0]->[573,0]",
"_WinMessage@16",0,0.00,2,0.07,682,0,682,0,0x6D273BE0,252,"c:\users\takana\desktop\sdl-1.2.15\src\video\wincommon\sdl_sysevents.c","SDL.dll","C:\Users\takana\Documents\visual studio 2010\Projects\AuditorySceneAnalysis\Debug\SDL.dll","mic.exe",4144,"c:\users\takana\desktop\sdl-1.2.15\src\video\wincommon\sdl_sysevents.c;[682,0]->[682,0]",
"aqua::AudioCapture<float>::init(int)",0,0.00,1,0.03,82,0,82,0,0x013CE280,81,"c:\users\takana\documents\visual studio 2010\projects\auditorysceneanalysis\mic\audiocapture.hpp","mic.exe","C:\Users\takana\Documents\visual studio 2010\Projects\AuditorySceneAnalysis\Debug\mic.exe","mic.exe",4144,"c:\users\takana\documents\visual studio 2010\projects\auditorysceneanalysis\mic\audiocapture.hpp;[82,0]->[82,0]",
"aqua::FFTAnalyzer::analyze(void)",0,0.00,1,0.03,64,0,64,0,0x013CC110,63,"c:\users\takana\documents\visual studio 2010\projects\auditorysceneanalysis\mic\fftanalyzer.hpp","mic.exe","C:\Users\takana\Documents\visual studio 2010\Projects\AuditorySceneAnalysis\Debug\mic.exe","mic.exe",4144,"c:\users\takana\documents\visual studio 2010\projects\auditorysceneanalysis\mic\fftanalyzer.hpp;[64,0]->[64,0]",
"aqua::FFTAnalyzer::analyze(void)",1,0.03,1,0.03,71,0,71,0,0x013CC110,63,"c:\users\takana\documents\visual studio 2010\projects\auditorysceneanalysis\mic\fftanalyzer.hpp","mic.exe","C:\Users\takana\Documents\visual studio 2010\Projects\AuditorySceneAnalysis\Debug\mic.exe","mic.exe",4144,"c:\users\takana\documents\visual studio 2010\projects\auditorysceneanalysis\mic\fftanalyzer.hpp;[71,0]->[71,0]",
"aqua::FFTAnalyzer::getFreqSize(void)",643,20.92,643,20.92,89,0,89,0,0x013CC460,89,"c:\users\takana\documents\visual studio 2010\projects\auditorysceneanalysis\mic\fftanalyzer.hpp","mic.exe","C:\Users\takana\Documents\visual studio 2010\Projects\AuditorySceneAnalysis\Debug\mic.exe","mic.exe",4144,"c:\users\takana\documents\visual studio 2010\projects\auditorysceneanalysis\mic\fftanalyzer.hpp;[89,0]->[89,0]",
"aqua::FFTAnalyzer::getFreqSize(void)",45,1.46,45,1.46,90,0,90,0,0x013CC460,89,"c:\users\takana\documents\visual studio 2010\projects\auditorysceneanalysis\mic\fftanalyzer.hpp","mic.exe","C:\Users\takana\Documents\visual studio 2010\Projects\AuditorySceneAnalysis\Debug\mic.exe","mic.exe",4144,"c:\users\takana\documents\visual studio 2010\projects\auditorysceneanalysis\mic\fftanalyzer.hpp;[90,0]->[90,0]",
"aqua::FFTAnalyzer::getFreqSize(void)",78,2.54,78,2.54,91,0,91,0,0x013CC460,89,"c:\users\takana\documents\visual studio 2010\projects\auditorysceneanalysis\mic\fftanalyzer.hpp","mic.exe","C:\Users\takana\Documents\visual studio 2010\Projects\AuditorySceneAnalysis\Debug\mic.exe","mic.exe",4144,"c:\users\takana\documents\visual studio 2010\projects\auditorysceneanalysis\mic\fftanalyzer.hpp;[91,0]->[91,0]",
"aqua::FFTAnalyzer::getPowerSpectrum(int)",851,27.68,851,27.68,81,0,81,0,0x013CC3F0,81,"c:\users\takana\documents\visual studio 2010\projects\auditorysceneanalysis\mic\fftanalyzer.hpp","mic.exe","C:\Users\takana\Documents\visual studio 2010\Projects\AuditorySceneAnalysis\Debug\mic.exe","mic.exe",4144,"c:\users\takana\documents\visual studio 2010\projects\auditorysceneanalysis\mic\fftanalyzer.hpp;[81,0]->[81,0]",
"aqua::FFTAnalyzer::getPowerSpectrum(int)",176,5.73,176,5.73,82,0,82,0,0x013CC3F0,81,"c:\users\takana\documents\visual studio 2010\projects\auditorysceneanalysis\mic\fftanalyzer.hpp","mic.exe","C:\Users\takana\Documents\visual studio 2010\Projects\AuditorySceneAnalysis\Debug\mic.exe","mic.exe",4144,"c:\users\takana\documents\visual studio 2010\projects\auditorysceneanalysis\mic\fftanalyzer.hpp;[82,0]->[82,0]",
"aqua::FFTAnalyzer::getPowerSpectrum(int)",108,3.51,108,3.51,83,0,83,0,0x013CC3F0,81,"c:\users\takana\documents\visual studio 2010\projects\auditorysceneanalysis\mic\fftanalyzer.hpp","mic.exe","C:\Users\takana\Documents\visual studio 2010\Projects\AuditorySceneAnalysis\Debug\mic.exe","mic.exe",4144,"c:\users\takana\documents\visual studio 2010\projects\auditorysceneanalysis\mic\fftanalyzer.hpp;[83,0]->[83,0]",
"aqua::FFTAnalyzer::getPowerSpectrum(int)",67,2.18,67,2.18,84,0,84,0,0x013CC3F0,81,"c:\users\takana\documents\visual studio 2010\projects\auditorysceneanalysis\mic\fftanalyzer.hpp","mic.exe","C:\Users\takana\Documents\visual studio 2010\Projects\AuditorySceneAnalysis\Debug\mic.exe","mic.exe",4144,"c:\users\takana\documents\visual studio 2010\projects\auditorysceneanalysis\mic\fftanalyzer.hpp;[84,0]->[84,0]",
"aqua::FFTAnalyzer::getPowerSpectrum(int)",83,2.70,83,2.70,85,0,85,0,0x013CC3F0,81,"c:\users\takana\documents\visual studio 2010\projects\auditorysceneanalysis\mic\fftanalyzer.hpp","mic.exe","C:\Users\takana\Documents\visual studio 2010\Projects\AuditorySceneAnalysis\Debug\mic.exe","mic.exe",4144,"c:\users\takana\documents\visual studio 2010\projects\auditorysceneanalysis\mic\fftanalyzer.hpp;[85,0]->[85,0]",
"aqua::FFTViewer::render(int,int,int,int)",17,0.55,783,25.47,48,0,48,0,0x013CC2A0,42,"c:\users\takana\documents\visual studio 2010\projects\auditorysceneanalysis\mic\fftviewer.h","mic.exe","C:\Users\takana\Documents\visual studio 2010\Projects\AuditorySceneAnalysis\Debug\mic.exe","mic.exe",4144,"c:\users\takana\documents\visual studio 2010\projects\auditorysceneanalysis\mic\fftviewer.h;[48,0]->[48,0]",
"aqua::FFTViewer::render(int,int,int,int)",37,1.20,1322,43.01,50,0,50,0,0x013CC2A0,42,"c:\users\takana\documents\visual studio 2010\projects\auditorysceneanalysis\mic\fftviewer.h","mic.exe","C:\Users\takana\Documents\visual studio 2010\Projects\AuditorySceneAnalysis\Debug\mic.exe","mic.exe",4144,"c:\users\takana\documents\visual studio 2010\projects\auditorysceneanalysis\mic\fftviewer.h;[50,0]->[50,0]",
"aqua::FFTViewer::render(int,int,int,int)",224,7.29,224,7.29,51,0,51,0,0x013CC2A0,42,"c:\users\takana\documents\visual studio 2010\projects\auditorysceneanalysis\mic\fftviewer.h","mic.exe","C:\Users\takana\Documents\visual studio 2010\Projects\AuditorySceneAnalysis\Debug\mic.exe","mic.exe",4144,"c:\users\takana\documents\visual studio 2010\projects\auditorysceneanalysis\mic\fftviewer.h;[51,0]->[51,0]",
"aqua::FFTViewer::render(int,int,int,int)",152,4.94,307,9.99,52,0,52,0,0x013CC2A0,42,"c:\users\takana\documents\visual studio 2010\projects\auditorysceneanalysis\mic\fftviewer.h","mic.exe","C:\Users\takana\Documents\visual studio 2010\Projects\AuditorySceneAnalysis\Debug\mic.exe","mic.exe",4144,"c:\users\takana\documents\visual studio 2010\projects\auditorysceneanalysis\mic\fftviewer.h;[52,0]->[52,0]",
"aqua::FFTViewer::render(int,int,int,int)",88,2.86,300,9.76,53,0,53,0,0x013CC2A0,42,"c:\users\takana\documents\visual studio 2010\projects\auditorysceneanalysis\mic\fftviewer.h","mic.exe","C:\Users\takana\Documents\visual studio 2010\Projects\AuditorySceneAnalysis\Debug\mic.exe","mic.exe",4144,"c:\users\takana\documents\visual studio 2010\projects\auditorysceneanalysis\mic\fftviewer.h;[53,0]->[53,0]",
"aqua::FFTViewer::render(int,int,int,int)",11,0.36,11,0.36,54,0,54,0,0x013CC2A0,42,"c:\users\takana\documents\visual studio 2010\projects\auditorysceneanalysis\mic\fftviewer.h","mic.exe","C:\Users\takana\Documents\visual studio 2010\Projects\AuditorySceneAnalysis\Debug\mic.exe","mic.exe",4144,"c:\users\takana\documents\visual studio 2010\projects\auditorysceneanalysis\mic\fftviewer.h;[54,0]->[54,0]",
"aqua::recordStream(void const *,void *,unsigned long,struct PaStreamCallbackTimeInfo const *,unsigned long,void *)",0,0.00,2,0.07,26,0,26,0,0x013C1000,24,"c:\users\takana\documents\visual studio 2010\projects\auditorysceneanalysis\mic\audiocapture.cpp","mic.exe","C:\Users\takana\Documents\visual studio 2010\Projects\AuditorySceneAnalysis\Debug\mic.exe","mic.exe",4144,"c:\users\takana\documents\visual studio 2010\projects\auditorysceneanalysis\mic\audiocapture.cpp;[26,0]->[26,0]",
"aqua::SDLW::init(void)",0,0.00,1,0.03,84,0,84,0,0x013CB8A0,63,"c:\users\takana\documents\visual studio 2010\projects\auditorysceneanalysis\render\sdlw.hpp","mic.exe","C:\Users\takana\Documents\visual studio 2010\Projects\AuditorySceneAnalysis\Debug\mic.exe","mic.exe",4144,"c:\users\takana\documents\visual studio 2010\projects\auditorysceneanalysis\render\sdlw.hpp;[84,0]->[84,0]",
"aqua::SDLW::processEvent(void)",0,0.00,1,0.03,117,0,117,0,0x013CBB60,115,"c:\users\takana\documents\visual studio 2010\projects\auditorysceneanalysis\render\sdlw.hpp","mic.exe","C:\Users\takana\Documents\visual studio 2010\Projects\AuditorySceneAnalysis\Debug\mic.exe","mic.exe",4144,"c:\users\takana\documents\visual studio 2010\projects\auditorysceneanalysis\render\sdlw.hpp;[117,0]->[117,0]",
"aqua::SoundBuffer<float>::read(float *,int)",0,0.00,1,0.03,77,0,77,0,0x013CCE10,75,"c:\users\takana\documents\visual studio 2010\projects\auditorysceneanalysis\mic\soundbuffer.hpp","mic.exe","C:\Users\takana\Documents\visual studio 2010\Projects\AuditorySceneAnalysis\Debug\mic.exe","mic.exe",4144,"c:\users\takana\documents\visual studio 2010\projects\auditorysceneanalysis\mic\soundbuffer.hpp;[77,0]->[77,0]",
"aqua::SoundBuffer<float>::write(float *,int)",0,0.00,1,0.03,55,0,55,0,0x013C1050,53,"c:\users\takana\documents\visual studio 2010\projects\auditorysceneanalysis\mic\soundbuffer.hpp","mic.exe","C:\Users\takana\Documents\visual studio 2010\Projects\AuditorySceneAnalysis\Debug\mic.exe","mic.exe",4144,"c:\users\takana\documents\visual studio 2010\projects\auditorysceneanalysis\mic\soundbuffer.hpp;[55,0]->[55,0]",
"aqua::SoundBuffer<float>::write(float *,int)",0,0.00,1,0.03,71,0,71,0,0x013C1050,53,"c:\users\takana\documents\visual studio 2010\projects\auditorysceneanalysis\mic\soundbuffer.hpp","mic.exe","C:\Users\takana\Documents\visual studio 2010\Projects\AuditorySceneAnalysis\Debug\mic.exe","mic.exe",4144,"c:\users\takana\documents\visual studio 2010\projects\auditorysceneanalysis\mic\soundbuffer.hpp;[71,0]->[71,0]",
"boost::date_time::base_time<class boost::posix_time::ptime,class boost::date_time::counted_time_system<struct boost::date_time::counted_time_rep<class boost::posix_time::millisec_posix_time_system_config> > >::base_time<class boost::posix_time::ptime,class boost::date_time::counted_time_system<struct boost::date_time::counted_time_rep<class boost::posix_time::millisec_posix_time_system_config> > >(enum boost::date_time::special_values)",0,0.00,2,0.07,66,0,66,0,0x013C2620,66,"c:\users\takana\documents\visual studio 2010\projects\auditorysceneanalysis\include\boost\date_time\time.hpp","mic.exe","C:\Users\takana\Documents\visual studio 2010\Projects\AuditorySceneAnalysis\Debug\mic.exe","mic.exe",4144,"c:\users\takana\documents\visual studio 2010\projects\auditorysceneanalysis\include\boost\date_time\time.hpp;[66,0]->[66,0]",
"boost::date_time::counted_time_rep<class boost::posix_time::millisec_posix_time_system_config>::counted_time_rep<class boost::posix_time::millisec_posix_time_system_config>(class boost::gregorian::date const &,class boost::posix_time::time_duration const &)",0,0.00,1,0.03,38,0,38,0,0x013C5880,36,"c:\users\takana\documents\visual studio 2010\projects\auditorysceneanalysis\include\boost\date_time\time_system_counted.hpp","mic.exe","C:\Users\takana\Documents\visual studio 2010\Projects\AuditorySceneAnalysis\Debug\mic.exe","mic.exe",4144,"c:\users\takana\documents\visual studio 2010\projects\auditorysceneanalysis\include\boost\date_time\time_system_counted.hpp;[38,0]->[38,0]",
"boost::date_time::counted_time_system<struct boost::date_time::counted_time_rep<class boost::posix_time::millisec_posix_time_system_config> >::get_time_rep(enum boost::date_time::special_values)",0,0.00,2,0.07,149,0,149,0,0x013C2F10,142,"c:\users\takana\documents\visual studio 2010\projects\auditorysceneanalysis\include\boost\date_time\time_system_counted.hpp","mic.exe","C:\Users\takana\Documents\visual studio 2010\Projects\AuditorySceneAnalysis\Debug\mic.exe","mic.exe",4144,"c:\users\takana\documents\visual studio 2010\projects\auditorysceneanalysis\include\boost\date_time\time_system_counted.hpp;[149,0]->[149,0]",
"boost::date_time::int_adapter<__int64>::from_special(enum boost::date_time::special_values)",0,0.00,1,0.03,75,0,75,0,0x013C3C20,71,"c:\users\takana\documents\visual studio 2010\projects\auditorysceneanalysis\include\boost\date_time\int_adapter.hpp","mic.exe","C:\Users\takana\Documents\visual studio 2010\Projects\AuditorySceneAnalysis\Debug\mic.exe","mic.exe",4144,"c:\users\takana\documents\visual studio 2010\projects\auditorysceneanalysis\include\boost\date_time\int_adapter.hpp;[75,0]->[75,0]",
"boost::date_time::int_adapter<__int64>::operator+<unsigned int>(class boost::date_time::int_adapter<unsigned int> const &)const ",1,0.03,1,0.03,206,0,206,0,0x013C7480,206,"c:\users\takana\documents\visual studio 2010\projects\auditorysceneanalysis\include\boost\date_time\int_adapter.hpp","mic.exe","C:\Users\takana\Documents\visual studio 2010\Projects\AuditorySceneAnalysis\Debug\mic.exe","mic.exe",4144,"c:\users\takana\documents\visual studio 2010\projects\auditorysceneanalysis\include\boost\date_time\int_adapter.hpp;[206,0]->[206,0]",
"boost::date_time::int_adapter<__int64>::pos_infinity(void)",1,0.03,1,0.03,51,0,51,0,0x013C4C30,51,"c:\users\takana\documents\visual studio 2010\projects\auditorysceneanalysis\include\boost\date_time\int_adapter.hpp","mic.exe","C:\Users\takana\Documents\visual studio 2010\Projects\AuditorySceneAnalysis\Debug\mic.exe","mic.exe",4144,"c:\users\takana\documents\visual studio 2010\projects\auditorysceneanalysis\include\boost\date_time\int_adapter.hpp;[51,0]->[51,0]",
"boost::date_time::time_duration<class boost::posix_time::time_duration,class boost::date_time::time_resolution_traits<struct boost::date_time::time_resolution_traits_adapted64_impl,5,1000000,6,int> >::time_duration<class boost::posix_time::time_duration,class boost::date_time::time_resolution_traits<struct boost::date_time::time_resolution_traits_adapted64_impl,5,1000000,6,int> >(enum boost::date_time::special_values)",0,0.00,1,0.03,69,0,69,0,0x013C3B90,69,"c:\users\takana\documents\visual studio 2010\projects\auditorysceneanalysis\include\boost\date_time\time_duration.hpp","mic.exe","C:\Users\takana\Documents\visual studio 2010\Projects\AuditorySceneAnalysis\Debug\mic.exe","mic.exe",4144,"c:\users\takana\documents\visual studio 2010\projects\auditorysceneanalysis\include\boost\date_time\time_duration.hpp;[69,0]->[69,0]",
"boost::detail::get_system_time_sentinel(void)",0,0.00,2,0.07,32,0,32,0,0x013C1D90,31,"c:\users\takana\documents\visual studio 2010\projects\auditorysceneanalysis\include\boost\thread\thread_time.hpp","mic.exe","C:\Users\takana\Documents\visual studio 2010\Projects\AuditorySceneAnalysis\Debug\mic.exe","mic.exe",4144,"c:\users\takana\documents\visual studio 2010\projects\auditorysceneanalysis\include\boost\thread\thread_time.hpp;[32,0]->[32,0]",
"boost::posix_time::ptime::ptime(enum boost::date_time::special_values)",0,0.00,2,0.07,50,0,50,0,0x013C1DD0,50,"c:\users\takana\documents\visual studio 2010\projects\auditorysceneanalysis\include\boost\date_time\posix_time\ptime.hpp","mic.exe","C:\Users\takana\Documents\visual studio 2010\Projects\AuditorySceneAnalysis\Debug\mic.exe","mic.exe",4144,"c:\users\takana\documents\visual studio 2010\projects\auditorysceneanalysis\include\boost\date_time\posix_time\ptime.hpp;[50,0]->[50,0]",
"boost::posix_time::time_duration::time_duration(enum boost::date_time::special_values)",0,0.00,1,0.03,81,0,81,0,0x013C3770,81,"c:\users\takana\documents\visual studio 2010\projects\auditorysceneanalysis\include\boost\date_time\posix_time\posix_time_config.hpp","mic.exe","C:\Users\takana\Documents\visual studio 2010\Projects\AuditorySceneAnalysis\Debug\mic.exe","mic.exe",4144,"c:\users\takana\documents\visual studio 2010\projects\auditorysceneanalysis\include\boost\date_time\posix_time\posix_time_config.hpp;[81,0]->[81,0]",
"boost::shared_lock<class boost::shared_mutex>::lock(void)",0,0.00,1,0.03,642,0,642,0,0x013CD300,633,"c:\users\takana\documents\visual studio 2010\projects\auditorysceneanalysis\include\boost\thread\lock_types.hpp","mic.exe","C:\Users\takana\Documents\visual studio 2010\Projects\AuditorySceneAnalysis\Debug\mic.exe","mic.exe",4144,"c:\users\takana\documents\visual studio 2010\projects\auditorysceneanalysis\include\boost\thread\lock_types.hpp;[642,0]->[642,0]",
"boost::shared_lock<class boost::shared_mutex>::shared_lock<class boost::shared_mutex>(class boost::shared_mutex &)",0,0.00,1,0.03,518,0,518,0,0x013CD070,517,"c:\users\takana\documents\visual studio 2010\projects\auditorysceneanalysis\include\boost\thread\lock_types.hpp","mic.exe","C:\Users\takana\Documents\visual studio 2010\Projects\AuditorySceneAnalysis\Debug\mic.exe","mic.exe",4144,"c:\users\takana\documents\visual studio 2010\projects\auditorysceneanalysis\include\boost\thread\lock_types.hpp;[518,0]->[518,0]",
"boost::shared_mutex::interlocked_compare_exchange<struct boost::shared_mutex::state_data>(struct boost::shared_mutex::state_data *,struct boost::shared_mutex::state_data,struct boost::shared_mutex::state_data)",1,0.03,1,0.03,48,0,48,0,0x013C6D60,48,"c:\users\takana\documents\visual studio 2010\projects\auditorysceneanalysis\include\boost\thread\win32\shared_mutex.hpp","mic.exe","C:\Users\takana\Documents\visual studio 2010\Projects\AuditorySceneAnalysis\Debug\mic.exe","mic.exe",4144,"c:\users\takana\documents\visual studio 2010\projects\auditorysceneanalysis\include\boost\thread\win32\shared_mutex.hpp;[48,0]->[48,0]",
"boost::shared_mutex::lock(void)",0,0.00,1,0.03,382,0,382,0,0x013C1D10,381,"c:\users\takana\documents\visual studio 2010\projects\auditorysceneanalysis\include\boost\thread\win32\shared_mutex.hpp","mic.exe","C:\Users\takana\Documents\visual studio 2010\Projects\AuditorySceneAnalysis\Debug\mic.exe","mic.exe",4144,"c:\users\takana\documents\visual studio 2010\projects\auditorysceneanalysis\include\boost\thread\win32\shared_mutex.hpp;[382,0]->[382,0]",
"boost::shared_mutex::lock_shared(void)",0,0.00,1,0.03,136,0,136,0,0x013CD430,135,"c:\users\takana\documents\visual studio 2010\projects\auditorysceneanalysis\include\boost\thread\win32\shared_mutex.hpp","mic.exe","C:\Users\takana\Documents\visual studio 2010\Projects\AuditorySceneAnalysis\Debug\mic.exe","mic.exe",4144,"c:\users\takana\documents\visual studio 2010\projects\auditorysceneanalysis\include\boost\thread\win32\shared_mutex.hpp;[136,0]->[136,0]",
"boost::shared_mutex::unlock(void)",0,0.00,1,0.03,620,0,620,0,0x013C1250,607,"c:\users\takana\documents\visual studio 2010\projects\auditorysceneanalysis\include\boost\thread\win32\shared_mutex.hpp","mic.exe","C:\Users\takana\Documents\visual studio 2010\Projects\AuditorySceneAnalysis\Debug\mic.exe","mic.exe",4144,"c:\users\takana\documents\visual studio 2010\projects\auditorysceneanalysis\include\boost\thread\win32\shared_mutex.hpp;[620,0]->[620,0]",
"boost::unique_lock<class boost::shared_mutex>::~unique_lock<class boost::shared_mutex>(void)",0,0.00,1,0.03,329,0,329,0,0x013C1200,326,"c:\users\takana\documents\visual studio 2010\projects\auditorysceneanalysis\include\boost\thread\lock_types.hpp","mic.exe","C:\Users\takana\Documents\visual studio 2010\Projects\AuditorySceneAnalysis\Debug\mic.exe","mic.exe",4144,"c:\users\takana\documents\visual studio 2010\projects\auditorysceneanalysis\include\boost\thread\lock_types.hpp;[329,0]->[329,0]",
"boost::unique_lock<class boost::shared_mutex>::lock(void)",0,0.00,1,0.03,344,0,344,0,0x013C14C0,333,"c:\users\takana\documents\visual studio 2010\projects\auditorysceneanalysis\include\boost\thread\lock_types.hpp","mic.exe","C:\Users\takana\Documents\visual studio 2010\Projects\AuditorySceneAnalysis\Debug\mic.exe","mic.exe",4144,"c:\users\takana\documents\visual studio 2010\projects\auditorysceneanalysis\include\boost\thread\lock_types.hpp;[344,0]->[344,0]",
"boost::unique_lock<class boost::shared_mutex>::unique_lock<class boost::shared_mutex>(class boost::shared_mutex &)",0,0.00,1,0.03,124,0,124,0,0x013C11A0,123,"c:\users\takana\documents\visual studio 2010\projects\auditorysceneanalysis\include\boost\thread\lock_types.hpp","mic.exe","C:\Users\takana\Documents\visual studio 2010\Projects\AuditorySceneAnalysis\Debug\mic.exe","mic.exe",4144,"c:\users\takana\documents\visual studio 2010\projects\auditorysceneanalysis\include\boost\thread\lock_types.hpp;[124,0]->[124,0]",
"CDeviceEnumerator::GetDevice(unsigned short const *,struct IMMDevice * *)",0,0.00,1,0.03,0,0,0,0,0x74F8690A,0,"","MMDevAPI.DLL","C:\Windows\system32\MMDevAPI.DLL","mic.exe",4144,";[0,0]->[0,0]",
"ChoosePixelFormatARB",0,0.00,1,0.03,133,0,133,0,0x6D27ECB0,115,"c:\users\takana\desktop\sdl-1.2.15\src\video\wincommon\sdl_wingl.c","SDL.dll","C:\Users\takana\Documents\visual studio 2010\Projects\AuditorySceneAnalysis\Debug\SDL.dll","mic.exe",4144,"c:\users\takana\desktop\sdl-1.2.15\src\video\wincommon\sdl_wingl.c;[133,0]->[133,0]",
"CThemeWnd::ForwardMouseEvent(struct _THEME_MSG *)",0,0.00,1,0.03,0,0,0,0,0x74C76C8C,0,"","uxtheme.dll","C:\Windows\system32\uxtheme.dll","mic.exe",4144,";[0,0]->[0,0]",
"CThemeWnd::GetCustomDrawing(void)const ",0,0.00,1,0.03,0,0,0,0,0x74C66E25,0,"","uxtheme.dll","C:\Windows\system32\uxtheme.dll","mic.exe",4144,";[0,0]->[0,0]",
"DIB_ResizeWindow",0,0.00,1,0.03,572,0,572,0,0x6D250370,512,"c:\users\takana\desktop\sdl-1.2.15\src\video\windib\sdl_dibvideo.c","SDL.dll","C:\Users\takana\Documents\visual studio 2010\Projects\AuditorySceneAnalysis\Debug\SDL.dll","mic.exe",4144,"c:\users\takana\desktop\sdl-1.2.15\src\video\windib\sdl_dibvideo.c;[572,0]->[572,0]",
"OnDwpNcLButtonDown(class CThemeWnd *,struct _THEME_MSG *)",0,0.00,1,0.03,0,0,0,0,0x74C76E3A,0,"","uxtheme.dll","C:\Windows\system32\uxtheme.dll","mic.exe",4144,";[0,0]->[0,0]",
"operator new[](unsigned int)",0,0.00,1,0.03,0,0,0,0,0x74F81421,0,"","MMDevAPI.DLL","C:\Windows\system32\MMDevAPI.DLL","mic.exe",4144,";[0,0]->[0,0]",
"waveIDMessage(struct _MMDRV *,unsigned int,unsigned int,unsigned int,unsigned long,unsigned long)",0,0.00,1,0.03,0,0,0,0,0x7167919B,0,"","WINMM.dll","C:\Windows\system32\WINMM.dll","mic.exe",4144,";[0,0]->[0,0]",
"wdmPnPInterfaceFromEndpointWorker(unsigned short const *)",0,0.00,1,0.03,0,0,0,0,0x716949AD,0,"","WINMM.dll","C:\Windows\system32\WINMM.dll","mic.exe",4144,";[0,0]->[0,0]",
"不明なフレーム",0,0.00,116,3.77,0,0,0,0,0xBAADF00D,0,"<不明>","UNKNOWN","UNKNOWN","mic.exe",4144,"<不明>;[0,0]->[0,0]",
