関数名,サンプル数 (子を含む),サンプル数 (関数のみ),サンプル % (子を含む),サンプル % (関数のみ),ソース ファイル,関数行番号,モジュール名,モジュール パス,関数アドレス,レベル,プロセス名,プロセス ID,
"_mainCRTStartup",3071,0,99.90,0.00,"f:\dd\vctools\crt_bld\self_x86\crt\src\crtexe.c",361,"mic.exe","C:\Users\takana\Documents\visual studio 2010\Projects\AuditorySceneAnalysis\Debug\mic.exe",0x013D0860,0,"mic.exe",4144,
"__tmainCRTStartup",2955,0,96.13,0.00,"f:\dd\vctools\crt_bld\self_x86\crt\src\crtexe.c",378,"mic.exe","C:\Users\takana\Documents\visual studio 2010\Projects\AuditorySceneAnalysis\Debug\mic.exe",0x013D0880,1,"mic.exe",4144,
"_main",2955,0,96.13,0.00,"",0,"mic.exe","C:\Users\takana\Documents\visual studio 2010\Projects\AuditorySceneAnalysis\Debug\mic.exe",0x013D1F30,2,"mic.exe",4144,
"_SDL_main",2955,0,96.13,0.00,"c:\users\takana\documents\visual studio 2010\projects\auditorysceneanalysis\mic\main.cpp",23,"mic.exe","C:\Users\takana\Documents\visual studio 2010\Projects\AuditorySceneAnalysis\Debug\mic.exe",0x013CBC10,3,"mic.exe",4144,
"aqua::FFTViewer::render(int,int,int,int)",2947,529,95.87,17.21,"c:\users\takana\documents\visual studio 2010\projects\auditorysceneanalysis\mic\fftviewer.h",42,"mic.exe","C:\Users\takana\Documents\visual studio 2010\Projects\AuditorySceneAnalysis\Debug\mic.exe",0x013CC2A0,4,"mic.exe",4144,
"aqua::FFTAnalyzer::getPowerSpectrum(int)",1285,1285,41.80,41.80,"c:\users\takana\documents\visual studio 2010\projects\auditorysceneanalysis\mic\fftanalyzer.hpp",81,"mic.exe","C:\Users\takana\Documents\visual studio 2010\Projects\AuditorySceneAnalysis\Debug\mic.exe",0x013CC3F0,5,"mic.exe",4144,
"aqua::FFTAnalyzer::getFreqSize(void)",766,766,24.92,24.92,"c:\users\takana\documents\visual studio 2010\projects\auditorysceneanalysis\mic\fftanalyzer.hpp",89,"mic.exe","C:\Users\takana\Documents\visual studio 2010\Projects\AuditorySceneAnalysis\Debug\mic.exe",0x013CC460,5,"mic.exe",4144,
"[ig7icd32.dll]",339,294,11.03,9.56,"<不明>",0,"ig7icd32.dll","C:\Windows\system32\ig7icd32.dll",0x0F650000,5,"mic.exe",4144,
"[ig7icd32.dll]",45,39,1.46,1.27,"<不明>",0,"ig7icd32.dll","C:\Windows\system32\ig7icd32.dll",0x0F650000,6,"mic.exe",4144,
"[ig7icd32.dll]",6,1,0.20,0.03,"<不明>",0,"ig7icd32.dll","C:\Windows\system32\ig7icd32.dll",0x0F650000,7,"mic.exe",4144,
"[ig7icd32.dll]",5,0,0.16,0.00,"<不明>",0,"ig7icd32.dll","C:\Windows\system32\ig7icd32.dll",0x0F650000,8,"mic.exe",4144,
"[ig7icd32.dll]",5,2,0.16,0.07,"<不明>",0,"ig7icd32.dll","C:\Windows\system32\ig7icd32.dll",0x0F650000,9,"mic.exe",4144,
"[ig7icd32.dll]",3,0,0.10,0.00,"<不明>",0,"ig7icd32.dll","C:\Windows\system32\ig7icd32.dll",0x0F650000,10,"mic.exe",4144,
"[ig7icd32.dll]",3,2,0.10,0.07,"<不明>",0,"ig7icd32.dll","C:\Windows\system32\ig7icd32.dll",0x0F650000,11,"mic.exe",4144,
"[ig7icd32.dll]",1,1,0.03,0.03,"<不明>",0,"ig7icd32.dll","C:\Windows\system32\ig7icd32.dll",0x0F650000,12,"mic.exe",4144,
"_glVertex2f@8",19,19,0.62,0.62,"",0,"OPENGL32.dll","C:\Windows\system32\OPENGL32.dll",0x6C9D1CA0,5,"mic.exe",4144,
"_glColor4f@16",9,9,0.29,0.29,"",0,"OPENGL32.dll","C:\Windows\system32\OPENGL32.dll",0x6C9D197C,5,"mic.exe",4144,
"_SDL_GL_SwapBuffers",3,0,0.10,0.00,"c:\users\takana\desktop\sdl-1.2.15\src\video\sdl_video.c",1532,"SDL.dll","C:\Users\takana\Documents\visual studio 2010\Projects\AuditorySceneAnalysis\Debug\SDL.dll",0x6D27AF30,4,"mic.exe",4144,
"_WIN_GL_SwapBuffers",3,0,0.10,0.00,"c:\users\takana\desktop\sdl-1.2.15\src\video\wincommon\sdl_wingl.c",572,"SDL.dll","C:\Users\takana\Documents\visual studio 2010\Projects\AuditorySceneAnalysis\Debug\SDL.dll",0x6D27F620,5,"mic.exe",4144,
"_SwapBuffers@4",3,0,0.10,0.00,"",0,"GDI32.dll","C:\Windows\syswow64\GDI32.dll",0x761059FB,6,"mic.exe",4144,
"_SwapBuffers@4",2,0,0.07,0.00,"",0,"GDI32.dll","C:\Windows\syswow64\GDI32.dll",0x761059FB,7,"mic.exe",4144,
"_GetAPI@12",2,0,0.07,0.00,"",0,"GDI32.dll","C:\Windows\syswow64\GDI32.dll",0x76105865,8,"mic.exe",4144,
"_LoadLibraryA@4",2,0,0.07,0.00,"",0,"KERNEL32.dll","C:\Windows\syswow64\KERNEL32.dll",0x751F49BF,9,"mic.exe",4144,
"_LoadLibraryExA@12",2,0,0.07,0.00,"",0,"KERNELBASE.dll","C:\Windows\syswow64\KERNELBASE.dll",0x76232CCC,10,"mic.exe",4144,
"_LoadLibraryExW@12",2,0,0.07,0.00,"",0,"KERNELBASE.dll","C:\Windows\syswow64\KERNELBASE.dll",0x76232AA4,11,"mic.exe",4144,
"[snxhk.dll]",2,0,0.07,0.00,"<不明>",0,"snxhk.dll","C:\Program Files\AVAST Software\Avast\snxhk.dll",0x70B80000,12,"mic.exe",4144,
"_LdrLoadDll@16",1,1,0.03,0.03,"",0,"ntdll.dll","C:\Windows\SysWOW64\ntdll.dll",0x77A7C45A,13,"mic.exe",4144,
"[snxhk.dll]",1,1,0.03,0.03,"<不明>",0,"snxhk.dll","C:\Program Files\AVAST Software\Avast\snxhk.dll",0x70B80000,13,"mic.exe",4144,
"_wglSwapBuffers@4",1,0,0.03,0.00,"",0,"OPENGL32.dll","C:\Windows\system32\OPENGL32.dll",0x6CA15E21,7,"mic.exe",4144,
"_wglSwapBuffers@4",1,0,0.03,0.00,"",0,"OPENGL32.dll","C:\Windows\system32\OPENGL32.dll",0x6CA15E21,8,"mic.exe",4144,
"___DrvSwapBuffers@8",1,0,0.03,0.00,"",0,"OPENGL32.dll","C:\Windows\system32\OPENGL32.dll",0x6CA0C768,9,"mic.exe",4144,
"_GetPixelFormat@4",1,0,0.03,0.00,"",0,"GDI32.dll","C:\Windows\syswow64\GDI32.dll",0x760E481A,10,"mic.exe",4144,
"_GetPixelFormat@4",1,0,0.03,0.00,"",0,"GDI32.dll","C:\Windows\syswow64\GDI32.dll",0x760E481A,11,"mic.exe",4144,
"_GetAPI@12",1,0,0.03,0.00,"",0,"GDI32.dll","C:\Windows\syswow64\GDI32.dll",0x76105865,12,"mic.exe",4144,
"_LoadLibraryA@4",1,0,0.03,0.00,"",0,"KERNEL32.dll","C:\Windows\syswow64\KERNEL32.dll",0x751F49BF,13,"mic.exe",4144,
"_LoadLibraryExA@12",1,0,0.03,0.00,"",0,"KERNELBASE.dll","C:\Windows\syswow64\KERNELBASE.dll",0x76232CCC,14,"mic.exe",4144,
"_LoadLibraryExW@12",1,0,0.03,0.00,"",0,"KERNELBASE.dll","C:\Windows\syswow64\KERNELBASE.dll",0x76232AA4,15,"mic.exe",4144,
"_BaseGetProcessDllPath@12",1,0,0.03,0.00,"",0,"KERNELBASE.dll","C:\Windows\syswow64\KERNELBASE.dll",0x7622C223,16,"mic.exe",4144,
"_BasepGetCachedPath@28",1,0,0.03,0.00,"",0,"KERNELBASE.dll","C:\Windows\syswow64\KERNELBASE.dll",0x7622C02D,17,"mic.exe",4144,
"_BasepGetCachedPath@28",1,0,0.03,0.00,"",0,"KERNELBASE.dll","C:\Windows\syswow64\KERNELBASE.dll",0x7622C02D,18,"mic.exe",4144,
"_wcsncmp",1,1,0.03,0.03,"",0,"ntdll.dll","C:\Windows\SysWOW64\ntdll.dll",0x77A77F95,19,"mic.exe",4144,
"aqua::FFTAnalyzer::analyze(void)",2,1,0.07,0.03,"c:\users\takana\documents\visual studio 2010\projects\auditorysceneanalysis\mic\fftanalyzer.hpp",63,"mic.exe","C:\Users\takana\Documents\visual studio 2010\Projects\AuditorySceneAnalysis\Debug\mic.exe",0x013CC110,4,"mic.exe",4144,
"aqua::SoundBuffer<float>::read(float *,int)",1,0,0.03,0.00,"c:\users\takana\documents\visual studio 2010\projects\auditorysceneanalysis\mic\soundbuffer.hpp",75,"mic.exe","C:\Users\takana\Documents\visual studio 2010\Projects\AuditorySceneAnalysis\Debug\mic.exe",0x013CCE10,5,"mic.exe",4144,
"boost::shared_lock<class boost::shared_mutex>::shared_lock<class boost::shared_mutex>(class boost::shared_mutex &)",1,0,0.03,0.00,"c:\users\takana\documents\visual studio 2010\projects\auditorysceneanalysis\include\boost\thread\lock_types.hpp",517,"mic.exe","C:\Users\takana\Documents\visual studio 2010\Projects\AuditorySceneAnalysis\Debug\mic.exe",0x013CD070,6,"mic.exe",4144,
"boost::shared_lock<class boost::shared_mutex>::lock(void)",1,0,0.03,0.00,"c:\users\takana\documents\visual studio 2010\projects\auditorysceneanalysis\include\boost\thread\lock_types.hpp",633,"mic.exe","C:\Users\takana\Documents\visual studio 2010\Projects\AuditorySceneAnalysis\Debug\mic.exe",0x013CD300,7,"mic.exe",4144,
"boost::shared_mutex::lock_shared(void)",1,0,0.03,0.00,"c:\users\takana\documents\visual studio 2010\projects\auditorysceneanalysis\include\boost\thread\win32\shared_mutex.hpp",135,"mic.exe","C:\Users\takana\Documents\visual studio 2010\Projects\AuditorySceneAnalysis\Debug\mic.exe",0x013CD430,8,"mic.exe",4144,
"boost::detail::get_system_time_sentinel(void)",1,0,0.03,0.00,"c:\users\takana\documents\visual studio 2010\projects\auditorysceneanalysis\include\boost\thread\thread_time.hpp",31,"mic.exe","C:\Users\takana\Documents\visual studio 2010\Projects\AuditorySceneAnalysis\Debug\mic.exe",0x013C1D90,9,"mic.exe",4144,
"boost::posix_time::ptime::ptime(enum boost::date_time::special_values)",1,0,0.03,0.00,"c:\users\takana\documents\visual studio 2010\projects\auditorysceneanalysis\include\boost\date_time\posix_time\ptime.hpp",50,"mic.exe","C:\Users\takana\Documents\visual studio 2010\Projects\AuditorySceneAnalysis\Debug\mic.exe",0x013C1DD0,10,"mic.exe",4144,
"boost::date_time::base_time<class boost::posix_time::ptime,class boost::date_time::counted_time_system<struct boost::date_time::counted_time_rep<class boost::posix_time::millisec_posix_time_system_config> > >::base_time<class boost::posix_time::ptime,class boost::date_time::counted_time_system<struct boost::date_time::counted_time_rep<class boost::posix_time::millisec_posix_time_system_config> > >(enum boost::date_time::special_values)",1,0,0.03,0.00,"c:\users\takana\documents\visual studio 2010\projects\auditorysceneanalysis\include\boost\date_time\time.hpp",66,"mic.exe","C:\Users\takana\Documents\visual studio 2010\Projects\AuditorySceneAnalysis\Debug\mic.exe",0x013C2620,11,"mic.exe",4144,
"boost::date_time::counted_time_system<struct boost::date_time::counted_time_rep<class boost::posix_time::millisec_posix_time_system_config> >::get_time_rep(enum boost::date_time::special_values)",1,0,0.03,0.00,"c:\users\takana\documents\visual studio 2010\projects\auditorysceneanalysis\include\boost\date_time\time_system_counted.hpp",142,"mic.exe","C:\Users\takana\Documents\visual studio 2010\Projects\AuditorySceneAnalysis\Debug\mic.exe",0x013C2F10,12,"mic.exe",4144,
"boost::posix_time::time_duration::time_duration(enum boost::date_time::special_values)",1,0,0.03,0.00,"c:\users\takana\documents\visual studio 2010\projects\auditorysceneanalysis\include\boost\date_time\posix_time\posix_time_config.hpp",81,"mic.exe","C:\Users\takana\Documents\visual studio 2010\Projects\AuditorySceneAnalysis\Debug\mic.exe",0x013C3770,13,"mic.exe",4144,
"boost::date_time::time_duration<class boost::posix_time::time_duration,class boost::date_time::time_resolution_traits<struct boost::date_time::time_resolution_traits_adapted64_impl,5,1000000,6,int> >::time_duration<class boost::posix_time::time_duration,class boost::date_time::time_resolution_traits<struct boost::date_time::time_resolution_traits_adapted64_impl,5,1000000,6,int> >(enum boost::date_time::special_values)",1,0,0.03,0.00,"c:\users\takana\documents\visual studio 2010\projects\auditorysceneanalysis\include\boost\date_time\time_duration.hpp",69,"mic.exe","C:\Users\takana\Documents\visual studio 2010\Projects\AuditorySceneAnalysis\Debug\mic.exe",0x013C3B90,14,"mic.exe",4144,
"boost::date_time::int_adapter<__int64>::from_special(enum boost::date_time::special_values)",1,0,0.03,0.00,"c:\users\takana\documents\visual studio 2010\projects\auditorysceneanalysis\include\boost\date_time\int_adapter.hpp",71,"mic.exe","C:\Users\takana\Documents\visual studio 2010\Projects\AuditorySceneAnalysis\Debug\mic.exe",0x013C3C20,15,"mic.exe",4144,
"boost::date_time::int_adapter<__int64>::pos_infinity(void)",1,1,0.03,0.03,"c:\users\takana\documents\visual studio 2010\projects\auditorysceneanalysis\include\boost\date_time\int_adapter.hpp",51,"mic.exe","C:\Users\takana\Documents\visual studio 2010\Projects\AuditorySceneAnalysis\Debug\mic.exe",0x013C4C30,16,"mic.exe",4144,
"aqua::SDLW::processEvent(void)",1,0,0.03,0.00,"c:\users\takana\documents\visual studio 2010\projects\auditorysceneanalysis\render\sdlw.hpp",115,"mic.exe","C:\Users\takana\Documents\visual studio 2010\Projects\AuditorySceneAnalysis\Debug\mic.exe",0x013CBB60,4,"mic.exe",4144,
"_SDL_PollEvent",1,0,0.03,0.00,"c:\users\takana\desktop\sdl-1.2.15\src\events\sdl_events.c",394,"SDL.dll","C:\Users\takana\Documents\visual studio 2010\Projects\AuditorySceneAnalysis\Debug\SDL.dll",0x6D25BB80,5,"mic.exe",4144,
"_SDL_PumpEvents",1,0,0.03,0.00,"c:\users\takana\desktop\sdl-1.2.15\src\events\sdl_events.c",369,"SDL.dll","C:\Users\takana\Documents\visual studio 2010\Projects\AuditorySceneAnalysis\Debug\SDL.dll",0x6D25BB00,6,"mic.exe",4144,
"_DIB_PumpEvents",1,0,0.03,0.00,"c:\users\takana\desktop\sdl-1.2.15\src\video\windib\sdl_dibevents.c",361,"SDL.dll","C:\Users\takana\Documents\visual studio 2010\Projects\AuditorySceneAnalysis\Debug\SDL.dll",0x6D24DD40,7,"mic.exe",4144,
"_DispatchMessageA@4",1,0,0.03,0.00,"",0,"USER32.dll","C:\Windows\syswow64\USER32.dll",0x76FF7BBB,8,"mic.exe",4144,
"_DispatchMessageWorker@8",1,0,0.03,0.00,"",0,"USER32.dll","C:\Windows\syswow64\USER32.dll",0x76FF76D7,9,"mic.exe",4144,
"_UserCallWinProcCheckWow@32",1,0,0.03,0.00,"",0,"USER32.dll","C:\Windows\syswow64\USER32.dll",0x76FF6C83,10,"mic.exe",4144,
"_InternalCallWinProc@20",1,0,0.03,0.00,"",0,"USER32.dll","C:\Windows\syswow64\USER32.dll",0x76FF62D7,11,"mic.exe",4144,
"_wglWndProc@16",1,0,0.03,0.00,"",0,"OPENGL32.dll","C:\Windows\system32\OPENGL32.dll",0x6CA15EF0,12,"mic.exe",4144,
"_CallWindowProcW@20",1,0,0.03,0.00,"",0,"USER32.dll","C:\Windows\syswow64\USER32.dll",0x77000D32,13,"mic.exe",4144,
"_CallWindowProcAorW@24",1,0,0.03,0.00,"",0,"USER32.dll","C:\Windows\syswow64\USER32.dll",0x77000CC9,14,"mic.exe",4144,
"_UserCallWinProcCheckWow@32",1,0,0.03,0.00,"",0,"USER32.dll","C:\Windows\syswow64\USER32.dll",0x76FF6C83,15,"mic.exe",4144,
"_InternalCallWinProc@20",1,0,0.03,0.00,"",0,"USER32.dll","C:\Windows\syswow64\USER32.dll",0x76FF62D7,16,"mic.exe",4144,
"_WinMessage@16",1,0,0.03,0.00,"c:\users\takana\desktop\sdl-1.2.15\src\video\wincommon\sdl_sysevents.c",252,"SDL.dll","C:\Users\takana\Documents\visual studio 2010\Projects\AuditorySceneAnalysis\Debug\SDL.dll",0x6D273BE0,17,"mic.exe",4144,
"_DIB_HandleMessage",1,0,0.03,0.00,"c:\users\takana\desktop\sdl-1.2.15\src\video\windib\sdl_dibevents.c",133,"SDL.dll","C:\Users\takana\Documents\visual studio 2010\Projects\AuditorySceneAnalysis\Debug\SDL.dll",0x6D24D820,18,"mic.exe",4144,
"_DefWindowProcA@16",1,0,0.03,0.00,"",0,"USER32.dll","C:\Windows\syswow64\USER32.dll",0x76FFCFF8,19,"mic.exe",4144,
"_ThemeDefWindowProcA@16",1,0,0.03,0.00,"",0,"uxtheme.dll","C:\Windows\system32\uxtheme.dll",0x74C622AB,20,"mic.exe",4144,
"_ThemeDefWindowProc(struct HWND__ *,unsigned int,unsigned int,long,int)",1,0,0.03,0.00,"",0,"uxtheme.dll","C:\Windows\system32\uxtheme.dll",0x74C60A12,21,"mic.exe",4144,
"OnDwpNcLButtonDown(class CThemeWnd *,struct _THEME_MSG *)",1,0,0.03,0.00,"",0,"uxtheme.dll","C:\Windows\system32\uxtheme.dll",0x74C76E3A,22,"mic.exe",4144,
"CThemeWnd::ForwardMouseEvent(struct _THEME_MSG *)",1,0,0.03,0.00,"",0,"uxtheme.dll","C:\Windows\system32\uxtheme.dll",0x74C76C8C,23,"mic.exe",4144,
"CThemeWnd::GetCustomDrawing(void)const ",1,0,0.03,0.00,"",0,"uxtheme.dll","C:\Windows\system32\uxtheme.dll",0x74C66E25,24,"mic.exe",4144,
"_IsWindowInDestroy@4",1,1,0.03,0.03,"",0,"USER32.dll","C:\Windows\syswow64\USER32.dll",0x77000DA5,25,"mic.exe",4144,
"aqua::AudioCapture<float>::init(int)",1,0,0.03,0.00,"c:\users\takana\documents\visual studio 2010\projects\auditorysceneanalysis\mic\audiocapture.hpp",81,"mic.exe","C:\Users\takana\Documents\visual studio 2010\Projects\AuditorySceneAnalysis\Debug\mic.exe",0x013CE280,4,"mic.exe",4144,
"[portaudio_x86.dll]",1,0,0.03,0.00,"<不明>",0,"portaudio_x86.dll","D:\PATH\portaudio_x86.dll",0x6F260000,5,"mic.exe",4144,
"[portaudio_x86.dll]",1,0,0.03,0.00,"<不明>",0,"portaudio_x86.dll","D:\PATH\portaudio_x86.dll",0x6F260000,6,"mic.exe",4144,
"[portaudio_x86.dll]",1,0,0.03,0.00,"<不明>",0,"portaudio_x86.dll","D:\PATH\portaudio_x86.dll",0x6F260000,7,"mic.exe",4144,
"[portaudio_x86.dll]",1,0,0.03,0.00,"<不明>",0,"portaudio_x86.dll","D:\PATH\portaudio_x86.dll",0x6F260000,8,"mic.exe",4144,
"[portaudio_x86.dll]",1,0,0.03,0.00,"<不明>",0,"portaudio_x86.dll","D:\PATH\portaudio_x86.dll",0x6F260000,9,"mic.exe",4144,
"_waveInMessage@16",1,0,0.03,0.00,"",0,"WINMM.dll","C:\Windows\system32\WINMM.dll",0x71679763,10,"mic.exe",4144,
"waveIDMessage(struct _MMDRV *,unsigned int,unsigned int,unsigned int,unsigned long,unsigned long)",1,0,0.03,0.00,"",0,"WINMM.dll","C:\Windows\system32\WINMM.dll",0x7167919B,11,"mic.exe",4144,
"_mregHandleInternalMessages@28",1,0,0.03,0.00,"",0,"WINMM.dll","C:\Windows\system32\WINMM.dll",0x71675FA3,12,"mic.exe",4144,
"wdmPnPInterfaceFromEndpointWorker(unsigned short const *)",1,0,0.03,0.00,"",0,"WINMM.dll","C:\Windows\system32\WINMM.dll",0x716949AD,13,"mic.exe",4144,
"CDeviceEnumerator::GetDevice(unsigned short const *,struct IMMDevice * *)",1,0,0.03,0.00,"",0,"MMDevAPI.DLL","C:\Windows\system32\MMDevAPI.DLL",0x74F8690A,14,"mic.exe",4144,
"operator new[](unsigned int)",1,0,0.03,0.00,"",0,"MMDevAPI.DLL","C:\Windows\system32\MMDevAPI.DLL",0x74F81421,15,"mic.exe",4144,
"_RtlAllocateHeap@12",1,0,0.03,0.00,"",0,"ntdll.dll","C:\Windows\SysWOW64\ntdll.dll",0x77A6E046,16,"mic.exe",4144,
"@RtlpAllocateHeap@24",1,1,0.03,0.03,"",0,"ntdll.dll","C:\Windows\SysWOW64\ntdll.dll",0x77A738FD,17,"mic.exe",4144,
"aqua::SDLW::init(void)",1,0,0.03,0.00,"c:\users\takana\documents\visual studio 2010\projects\auditorysceneanalysis\render\sdlw.hpp",63,"mic.exe","C:\Users\takana\Documents\visual studio 2010\Projects\AuditorySceneAnalysis\Debug\mic.exe",0x013CB8A0,4,"mic.exe",4144,
"_SDL_SetVideoMode",1,0,0.03,0.00,"c:\users\takana\desktop\sdl-1.2.15\src\video\sdl_video.c",584,"SDL.dll","C:\Users\takana\Documents\visual studio 2010\Projects\AuditorySceneAnalysis\Debug\SDL.dll",0x6D278010,5,"mic.exe",4144,
"_DIB_SetVideoMode",1,0,0.03,0.00,"c:\users\takana\desktop\sdl-1.2.15\src\video\windib\sdl_dibvideo.c",585,"SDL.dll","C:\Users\takana\Documents\visual studio 2010\Projects\AuditorySceneAnalysis\Debug\SDL.dll",0x6D24F970,6,"mic.exe",4144,
"_WIN_GL_SetupWindow",1,0,0.03,0.00,"c:\users\takana\desktop\sdl-1.2.15\src\video\wincommon\sdl_wingl.c",173,"SDL.dll","C:\Users\takana\Documents\visual studio 2010\Projects\AuditorySceneAnalysis\Debug\SDL.dll",0x6D27DE80,7,"mic.exe",4144,
"ChoosePixelFormatARB",1,0,0.03,0.00,"c:\users\takana\desktop\sdl-1.2.15\src\video\wincommon\sdl_wingl.c",115,"SDL.dll","C:\Users\takana\Documents\visual studio 2010\Projects\AuditorySceneAnalysis\Debug\SDL.dll",0x6D27ECB0,8,"mic.exe",4144,
"_wglCreateContext@4",1,0,0.03,0.00,"",0,"OPENGL32.dll","C:\Windows\system32\OPENGL32.dll",0x6CA0B8E0,9,"mic.exe",4144,
"_wglCreateLayerContext@8",1,0,0.03,0.00,"",0,"OPENGL32.dll","C:\Windows\system32\OPENGL32.dll",0x6CA0B7A4,10,"mic.exe",4144,
"_CreateAnyContext@4",1,0,0.03,0.00,"",0,"OPENGL32.dll","C:\Windows\system32\OPENGL32.dll",0x6CA0B5B7,11,"mic.exe",4144,
"[ig7icd32.dll]",1,0,0.03,0.00,"<不明>",0,"ig7icd32.dll","C:\Windows\system32\ig7icd32.dll",0x0F650000,12,"mic.exe",4144,
"[ig7icd32.dll]",1,0,0.03,0.00,"<不明>",0,"ig7icd32.dll","C:\Windows\system32\ig7icd32.dll",0x0F650000,13,"mic.exe",4144,
"[ig7icd32.dll]",1,0,0.03,0.00,"<不明>",0,"ig7icd32.dll","C:\Windows\system32\ig7icd32.dll",0x0F650000,14,"mic.exe",4144,
"[ig7icd32.dll]",1,0,0.03,0.00,"<不明>",0,"ig7icd32.dll","C:\Windows\system32\ig7icd32.dll",0x0F650000,15,"mic.exe",4144,
"[ig7icd32.dll]",1,0,0.03,0.00,"<不明>",0,"ig7icd32.dll","C:\Windows\system32\ig7icd32.dll",0x0F650000,16,"mic.exe",4144,
"[ig7icd32.dll]",1,0,0.03,0.00,"<不明>",0,"ig7icd32.dll","C:\Windows\system32\ig7icd32.dll",0x0F650000,17,"mic.exe",4144,
"[ig7icd32.dll]",1,0,0.03,0.00,"<不明>",0,"ig7icd32.dll","C:\Windows\system32\ig7icd32.dll",0x0F650000,18,"mic.exe",4144,
"[ig7icd32.dll]",1,0,0.03,0.00,"<不明>",0,"ig7icd32.dll","C:\Windows\system32\ig7icd32.dll",0x0F650000,19,"mic.exe",4144,
"[ig7icd32.dll]",1,1,0.03,0.03,"<不明>",0,"ig7icd32.dll","C:\Windows\system32\ig7icd32.dll",0x0F650000,20,"mic.exe",4144,
"不明なフレーム",116,0,3.77,0.00,"<不明>",0,"UNKNOWN","UNKNOWN",0xBAADF00D,1,"mic.exe",4144,
"[libfftw3f-3.dll]",84,42,2.73,1.37,"<不明>",0,"libfftw3f-3.dll","C:\Users\takana\Documents\visual studio 2010\Projects\AuditorySceneAnalysis\Debug\libfftw3f-3.dll",0x63740000,2,"mic.exe",4144,
"[libfftw3f-3.dll]",41,7,1.33,0.23,"<不明>",0,"libfftw3f-3.dll","C:\Users\takana\Documents\visual studio 2010\Projects\AuditorySceneAnalysis\Debug\libfftw3f-3.dll",0x63740000,3,"mic.exe",4144,
"[libfftw3f-3.dll]",34,7,1.11,0.23,"<不明>",0,"libfftw3f-3.dll","C:\Users\takana\Documents\visual studio 2010\Projects\AuditorySceneAnalysis\Debug\libfftw3f-3.dll",0x63740000,4,"mic.exe",4144,
"[libfftw3f-3.dll]",27,2,0.88,0.07,"<不明>",0,"libfftw3f-3.dll","C:\Users\takana\Documents\visual studio 2010\Projects\AuditorySceneAnalysis\Debug\libfftw3f-3.dll",0x63740000,5,"mic.exe",4144,
"[libfftw3f-3.dll]",25,1,0.81,0.03,"<不明>",0,"libfftw3f-3.dll","C:\Users\takana\Documents\visual studio 2010\Projects\AuditorySceneAnalysis\Debug\libfftw3f-3.dll",0x63740000,6,"mic.exe",4144,
"[libfftw3f-3.dll]",24,1,0.78,0.03,"<不明>",0,"libfftw3f-3.dll","C:\Users\takana\Documents\visual studio 2010\Projects\AuditorySceneAnalysis\Debug\libfftw3f-3.dll",0x63740000,7,"mic.exe",4144,
"[libfftw3f-3.dll]",22,1,0.72,0.03,"<不明>",0,"libfftw3f-3.dll","C:\Users\takana\Documents\visual studio 2010\Projects\AuditorySceneAnalysis\Debug\libfftw3f-3.dll",0x63740000,8,"mic.exe",4144,
"[libfftw3f-3.dll]",20,1,0.65,0.03,"<不明>",0,"libfftw3f-3.dll","C:\Users\takana\Documents\visual studio 2010\Projects\AuditorySceneAnalysis\Debug\libfftw3f-3.dll",0x63740000,9,"mic.exe",4144,
"[libfftw3f-3.dll]",19,2,0.62,0.07,"<不明>",0,"libfftw3f-3.dll","C:\Users\takana\Documents\visual studio 2010\Projects\AuditorySceneAnalysis\Debug\libfftw3f-3.dll",0x63740000,10,"mic.exe",4144,
"[libfftw3f-3.dll]",17,4,0.55,0.13,"<不明>",0,"libfftw3f-3.dll","C:\Users\takana\Documents\visual studio 2010\Projects\AuditorySceneAnalysis\Debug\libfftw3f-3.dll",0x63740000,11,"mic.exe",4144,
"[libfftw3f-3.dll]",12,3,0.39,0.10,"<不明>",0,"libfftw3f-3.dll","C:\Users\takana\Documents\visual studio 2010\Projects\AuditorySceneAnalysis\Debug\libfftw3f-3.dll",0x63740000,12,"mic.exe",4144,
"[libfftw3f-3.dll]",9,2,0.29,0.07,"<不明>",0,"libfftw3f-3.dll","C:\Users\takana\Documents\visual studio 2010\Projects\AuditorySceneAnalysis\Debug\libfftw3f-3.dll",0x63740000,13,"mic.exe",4144,
"[libfftw3f-3.dll]",7,1,0.23,0.03,"<不明>",0,"libfftw3f-3.dll","C:\Users\takana\Documents\visual studio 2010\Projects\AuditorySceneAnalysis\Debug\libfftw3f-3.dll",0x63740000,14,"mic.exe",4144,
"[libfftw3f-3.dll]",6,3,0.20,0.10,"<不明>",0,"libfftw3f-3.dll","C:\Users\takana\Documents\visual studio 2010\Projects\AuditorySceneAnalysis\Debug\libfftw3f-3.dll",0x63740000,15,"mic.exe",4144,
"[libfftw3f-3.dll]",3,1,0.10,0.03,"<不明>",0,"libfftw3f-3.dll","C:\Users\takana\Documents\visual studio 2010\Projects\AuditorySceneAnalysis\Debug\libfftw3f-3.dll",0x63740000,16,"mic.exe",4144,
"[libfftw3f-3.dll]",2,1,0.07,0.03,"<不明>",0,"libfftw3f-3.dll","C:\Users\takana\Documents\visual studio 2010\Projects\AuditorySceneAnalysis\Debug\libfftw3f-3.dll",0x63740000,17,"mic.exe",4144,
"[libfftw3f-3.dll]",1,0,0.03,0.00,"<不明>",0,"libfftw3f-3.dll","C:\Users\takana\Documents\visual studio 2010\Projects\AuditorySceneAnalysis\Debug\libfftw3f-3.dll",0x63740000,18,"mic.exe",4144,
"[libfftw3f-3.dll]",1,0,0.03,0.00,"<不明>",0,"libfftw3f-3.dll","C:\Users\takana\Documents\visual studio 2010\Projects\AuditorySceneAnalysis\Debug\libfftw3f-3.dll",0x63740000,19,"mic.exe",4144,
"[libfftw3f-3.dll]",1,1,0.03,0.03,"<不明>",0,"libfftw3f-3.dll","C:\Users\takana\Documents\visual studio 2010\Projects\AuditorySceneAnalysis\Debug\libfftw3f-3.dll",0x63740000,20,"mic.exe",4144,
"_free",1,0,0.03,0.00,"",0,"msvcrt.dll","C:\Windows\syswow64\msvcrt.dll",0x75FC9894,12,"mic.exe",4144,
"[libfftw3f-3.dll]",1,0,0.03,0.00,"<不明>",0,"libfftw3f-3.dll","C:\Users\takana\Documents\visual studio 2010\Projects\AuditorySceneAnalysis\Debug\libfftw3f-3.dll",0x63740000,13,"mic.exe",4144,
"[libfftw3f-3.dll]",1,0,0.03,0.00,"<不明>",0,"libfftw3f-3.dll","C:\Users\takana\Documents\visual studio 2010\Projects\AuditorySceneAnalysis\Debug\libfftw3f-3.dll",0x63740000,14,"mic.exe",4144,
"[libfftw3f-3.dll]",1,0,0.03,0.00,"<不明>",0,"libfftw3f-3.dll","C:\Users\takana\Documents\visual studio 2010\Projects\AuditorySceneAnalysis\Debug\libfftw3f-3.dll",0x63740000,15,"mic.exe",4144,
"[libfftw3f-3.dll]",1,1,0.03,0.03,"<不明>",0,"libfftw3f-3.dll","C:\Users\takana\Documents\visual studio 2010\Projects\AuditorySceneAnalysis\Debug\libfftw3f-3.dll",0x63740000,16,"mic.exe",4144,
"_malloc",1,0,0.03,0.00,"",0,"msvcrt.dll","C:\Windows\syswow64\msvcrt.dll",0x75FC9CEE,9,"mic.exe",4144,
"_RtlAllocateHeap@12",1,0,0.03,0.00,"",0,"ntdll.dll","C:\Windows\SysWOW64\ntdll.dll",0x77A6E046,10,"mic.exe",4144,
"_RtlAllocateHeap@12",1,0,0.03,0.00,"",0,"ntdll.dll","C:\Windows\SysWOW64\ntdll.dll",0x77A6E046,11,"mic.exe",4144,
"@RtlpLowFragHeapAllocFromContext@8",1,0,0.03,0.00,"",0,"ntdll.dll","C:\Windows\SysWOW64\ntdll.dll",0x77A6E269,12,"mic.exe",4144,
"__SEH_prolog4",1,1,0.03,0.03,"",0,"ntdll.dll","C:\Windows\SysWOW64\ntdll.dll",0x77A6DEC4,13,"mic.exe",4144,
"_free",1,0,0.03,0.00,"",0,"msvcrt.dll","C:\Windows\syswow64\msvcrt.dll",0x75FC9894,8,"mic.exe",4144,
"_RtlFreeHeap@12",1,0,0.03,0.00,"",0,"ntdll.dll","C:\Windows\SysWOW64\ntdll.dll",0x77A6DFA5,9,"mic.exe",4144,
"@RtlpLowFragHeapFree@8",1,1,0.03,0.03,"",0,"ntdll.dll","C:\Windows\SysWOW64\ntdll.dll",0x77A6E392,10,"mic.exe",4144,
"_free",1,0,0.03,0.00,"",0,"msvcrt.dll","C:\Windows\syswow64\msvcrt.dll",0x75FC9894,3,"mic.exe",4144,
"_RtlFreeHeap@12",1,0,0.03,0.00,"",0,"ntdll.dll","C:\Windows\SysWOW64\ntdll.dll",0x77A6DFA5,4,"mic.exe",4144,
"@RtlpLowFragHeapFree@8",1,1,0.03,0.03,"",0,"ntdll.dll","C:\Windows\SysWOW64\ntdll.dll",0x77A6E392,5,"mic.exe",4144,
"[ig7icd32.dll]",25,2,0.81,0.07,"<不明>",0,"ig7icd32.dll","C:\Windows\system32\ig7icd32.dll",0x0F650000,2,"mic.exe",4144,
"[ig7icd32.dll]",22,8,0.72,0.26,"<不明>",0,"ig7icd32.dll","C:\Windows\system32\ig7icd32.dll",0x0F650000,3,"mic.exe",4144,
"[ig7icd32.dll]",14,5,0.46,0.16,"<不明>",0,"ig7icd32.dll","C:\Windows\system32\ig7icd32.dll",0x0F650000,4,"mic.exe",4144,
"[ig7icd32.dll]",7,2,0.23,0.07,"<不明>",0,"ig7icd32.dll","C:\Windows\system32\ig7icd32.dll",0x0F650000,5,"mic.exe",4144,
"[ig7icd32.dll]",4,0,0.13,0.00,"<不明>",0,"ig7icd32.dll","C:\Windows\system32\ig7icd32.dll",0x0F650000,6,"mic.exe",4144,
"[ig7icd32.dll]",4,1,0.13,0.03,"<不明>",0,"ig7icd32.dll","C:\Windows\system32\ig7icd32.dll",0x0F650000,7,"mic.exe",4144,
"[ig7icd32.dll]",3,1,0.10,0.03,"<不明>",0,"ig7icd32.dll","C:\Windows\system32\ig7icd32.dll",0x0F650000,8,"mic.exe",4144,
"[ig7icd32.dll]",2,1,0.07,0.03,"<不明>",0,"ig7icd32.dll","C:\Windows\system32\ig7icd32.dll",0x0F650000,9,"mic.exe",4144,
"[ig7icd32.dll]",1,0,0.03,0.00,"<不明>",0,"ig7icd32.dll","C:\Windows\system32\ig7icd32.dll",0x0F650000,10,"mic.exe",4144,
"[ig7icd32.dll]",1,0,0.03,0.00,"<不明>",0,"ig7icd32.dll","C:\Windows\system32\ig7icd32.dll",0x0F650000,11,"mic.exe",4144,
"[ig7icd32.dll]",1,0,0.03,0.00,"<不明>",0,"ig7icd32.dll","C:\Windows\system32\ig7icd32.dll",0x0F650000,12,"mic.exe",4144,
"[ig7icd32.dll]",1,0,0.03,0.00,"<不明>",0,"ig7icd32.dll","C:\Windows\system32\ig7icd32.dll",0x0F650000,13,"mic.exe",4144,
"[ig7icd32.dll]",1,0,0.03,0.00,"<不明>",0,"ig7icd32.dll","C:\Windows\system32\ig7icd32.dll",0x0F650000,14,"mic.exe",4144,
"[ig7icd32.dll]",1,0,0.03,0.00,"<不明>",0,"ig7icd32.dll","C:\Windows\system32\ig7icd32.dll",0x0F650000,15,"mic.exe",4144,
"_RtlAllocateHeap@12",1,0,0.03,0.00,"",0,"ntdll.dll","C:\Windows\SysWOW64\ntdll.dll",0x77A6E046,16,"mic.exe",4144,
"@RtlpLowFragHeapAllocFromContext@8",1,1,0.03,0.03,"",0,"ntdll.dll","C:\Windows\SysWOW64\ntdll.dll",0x77A6E269,17,"mic.exe",4144,
"_GlobalAlloc@8",1,0,0.03,0.00,"",0,"KERNELBASE.dll","C:\Windows\syswow64\KERNELBASE.dll",0x76234DE7,6,"mic.exe",4144,
"_KernelBaseGetGlobalData@0",1,1,0.03,0.03,"",0,"KERNELBASE.dll","C:\Windows\syswow64\KERNELBASE.dll",0x76226C21,7,"mic.exe",4144,
"_RtlAllocateHeap@12",2,0,0.07,0.00,"",0,"ntdll.dll","C:\Windows\SysWOW64\ntdll.dll",0x77A6E046,5,"mic.exe",4144,
"@RtlpLowFragHeapAllocFromContext@8",2,2,0.07,0.07,"",0,"ntdll.dll","C:\Windows\SysWOW64\ntdll.dll",0x77A6E269,6,"mic.exe",4144,
"_wglCbPresentBuffers@8",1,0,0.03,0.00,"",0,"OPENGL32.dll","C:\Windows\system32\OPENGL32.dll",0x6CA0C3E9,3,"mic.exe",4144,
"[ig7icd32.dll]",1,0,0.03,0.00,"<不明>",0,"ig7icd32.dll","C:\Windows\system32\ig7icd32.dll",0x0F650000,4,"mic.exe",4144,
"[ig7icd32.dll]",1,0,0.03,0.00,"<不明>",0,"ig7icd32.dll","C:\Windows\system32\ig7icd32.dll",0x0F650000,5,"mic.exe",4144,
"[ig7icd32.dll]",1,0,0.03,0.00,"<不明>",0,"ig7icd32.dll","C:\Windows\system32\ig7icd32.dll",0x0F650000,6,"mic.exe",4144,
"[ig7icd32.dll]",1,1,0.03,0.03,"<不明>",0,"ig7icd32.dll","C:\Windows\system32\ig7icd32.dll",0x0F650000,7,"mic.exe",4144,
"_SdbpFindNextIndexedWildCardTag@8",1,0,0.03,0.00,"",0,"apphelp.dll","C:\Windows\system32\apphelp.dll",0x73495D2F,2,"mic.exe",4144,
"_SdbFindFirstTag@12",1,0,0.03,0.00,"",0,"apphelp.dll","C:\Windows\system32\apphelp.dll",0x734935C7,3,"mic.exe",4144,
"_SdbGetFirstChild@8",1,0,0.03,0.00,"",0,"apphelp.dll","C:\Windows\system32\apphelp.dll",0x7349360D,4,"mic.exe",4144,
"_SdbpGetNextTagId@8",1,0,0.03,0.00,"",0,"apphelp.dll","C:\Windows\system32\apphelp.dll",0x73493471,5,"mic.exe",4144,
"_SdbpGetTagHeadSize@8",1,0,0.03,0.00,"",0,"apphelp.dll","C:\Windows\system32\apphelp.dll",0x73493734,6,"mic.exe",4144,
"_SdbpReadMappedData@16",1,1,0.03,0.03,"",0,"apphelp.dll","C:\Windows\system32\apphelp.dll",0x73493690,7,"mic.exe",4144,
"DIB_ResizeWindow",1,0,0.03,0.00,"c:\users\takana\desktop\sdl-1.2.15\src\video\windib\sdl_dibvideo.c",512,"SDL.dll","C:\Users\takana\Documents\visual studio 2010\Projects\AuditorySceneAnalysis\Debug\SDL.dll",0x6D250370,2,"mic.exe",4144,
"_NtUserSetWindowPos@28",1,0,0.03,0.00,"",0,"USER32.dll","C:\Windows\syswow64\USER32.dll",0x76FF8E4E,3,"mic.exe",4144,
"_KiUserCallbackDispatcher@12",1,0,0.03,0.00,"",0,"ntdll.dll","C:\Windows\SysWOW64\ntdll.dll",0x77A500DC,4,"mic.exe",4144,
"___fnDWORD@4",1,0,0.03,0.00,"",0,"USER32.dll","C:\Windows\syswow64\USER32.dll",0x76FF6E19,5,"mic.exe",4144,
"_DispatchClientMessage@24",1,0,0.03,0.00,"",0,"USER32.dll","C:\Windows\syswow64\USER32.dll",0x76FF6D97,6,"mic.exe",4144,
"_UserCallWinProcCheckWow@32",1,0,0.03,0.00,"",0,"USER32.dll","C:\Windows\syswow64\USER32.dll",0x76FF6C83,7,"mic.exe",4144,
"_InternalCallWinProc@20",1,0,0.03,0.00,"",0,"USER32.dll","C:\Windows\syswow64\USER32.dll",0x76FF62D7,8,"mic.exe",4144,
"_ImeWndProcW@16",1,0,0.03,0.00,"",0,"USER32.dll","C:\Windows\syswow64\USER32.dll",0x76FF75C4,9,"mic.exe",4144,
"_ImeWndProcWorker@24",1,0,0.03,0.00,"",0,"USER32.dll","C:\Windows\syswow64\USER32.dll",0x76FF74C5,10,"mic.exe",4144,
"_ImeSystemHandler@16",1,0,0.03,0.00,"",0,"USER32.dll","C:\Windows\syswow64\USER32.dll",0x76FFADAD,11,"mic.exe",4144,
"_FocusSetIMCContext@8",1,0,0.03,0.00,"",0,"USER32.dll","C:\Windows\syswow64\USER32.dll",0x76FFD9BB,12,"mic.exe",4144,
"_ImmSetActiveContext@12",1,0,0.03,0.00,"",0,"IMM32.DLL","C:\Windows\system32\IMM32.DLL",0x76E32246,13,"mic.exe",4144,
"_SendMessageW@16",1,0,0.03,0.00,"",0,"USER32.dll","C:\Windows\syswow64\USER32.dll",0x76FF9679,14,"mic.exe",4144,
"_SendMessageWorker@24",1,0,0.03,0.00,"",0,"USER32.dll","C:\Windows\syswow64\USER32.dll",0x76FF954C,15,"mic.exe",4144,
"_UserCallWinProcCheckWow@32",1,0,0.03,0.00,"",0,"USER32.dll","C:\Windows\syswow64\USER32.dll",0x76FF6C83,16,"mic.exe",4144,
"_InternalCallWinProc@20",1,0,0.03,0.00,"",0,"USER32.dll","C:\Windows\syswow64\USER32.dll",0x76FF62D7,17,"mic.exe",4144,
"_WinMessage@16",1,0,0.03,0.00,"c:\users\takana\desktop\sdl-1.2.15\src\video\wincommon\sdl_sysevents.c",252,"SDL.dll","C:\Users\takana\Documents\visual studio 2010\Projects\AuditorySceneAnalysis\Debug\SDL.dll",0x6D273BE0,18,"mic.exe",4144,
"_DIB_HandleMessage",1,0,0.03,0.00,"c:\users\takana\desktop\sdl-1.2.15\src\video\windib\sdl_dibevents.c",133,"SDL.dll","C:\Users\takana\Documents\visual studio 2010\Projects\AuditorySceneAnalysis\Debug\SDL.dll",0x6D24D820,19,"mic.exe",4144,
"_DefWindowProcA@16",1,0,0.03,0.00,"",0,"USER32.dll","C:\Windows\syswow64\USER32.dll",0x76FFCFF8,20,"mic.exe",4144,
"_RealDefWindowProcA@16",1,0,0.03,0.00,"",0,"USER32.dll","C:\Windows\syswow64\USER32.dll",0x76FFCFC5,21,"mic.exe",4144,
"_RealDefWindowProcWorker@24",1,0,0.03,0.00,"",0,"USER32.dll","C:\Windows\syswow64\USER32.dll",0x76FF69ED,22,"mic.exe",4144,
"_SendMessageWorker@24",1,0,0.03,0.00,"",0,"USER32.dll","C:\Windows\syswow64\USER32.dll",0x76FF954C,23,"mic.exe",4144,
"_UserCallWinProcCheckWow@32",1,0,0.03,0.00,"",0,"USER32.dll","C:\Windows\syswow64\USER32.dll",0x76FF6C83,24,"mic.exe",4144,
"_InternalCallWinProc@20",1,0,0.03,0.00,"",0,"USER32.dll","C:\Windows\syswow64\USER32.dll",0x76FF62D7,25,"mic.exe",4144,
"_ImeWndProcW@16",1,0,0.03,0.00,"",0,"USER32.dll","C:\Windows\syswow64\USER32.dll",0x76FF75C4,26,"mic.exe",4144,
"_ImeWndProcWorker@24",1,0,0.03,0.00,"",0,"USER32.dll","C:\Windows\syswow64\USER32.dll",0x76FF74C5,27,"mic.exe",4144,
"_ImeSetContextHandler@16",1,0,0.03,0.00,"",0,"USER32.dll","C:\Windows\syswow64\USER32.dll",0x76FFD7E2,28,"mic.exe",4144,
"_SendOpenStatusNotify@12",1,0,0.03,0.00,"",0,"USER32.dll","C:\Windows\syswow64\USER32.dll",0x76FFD9FA,29,"mic.exe",4144,
"_SendMessageW@16",1,0,0.03,0.00,"",0,"USER32.dll","C:\Windows\syswow64\USER32.dll",0x76FF9679,30,"mic.exe",4144,
"_SendMessageWorker@24",1,0,0.03,0.00,"",0,"USER32.dll","C:\Windows\syswow64\USER32.dll",0x76FF954C,31,"mic.exe",4144,
"_UserCallWinProcCheckWow@32",1,0,0.03,0.00,"",0,"USER32.dll","C:\Windows\syswow64\USER32.dll",0x76FF6C83,32,"mic.exe",4144,
"_InternalCallWinProc@20",1,0,0.03,0.00,"",0,"USER32.dll","C:\Windows\syswow64\USER32.dll",0x76FF62D7,33,"mic.exe",4144,
"_WinMessage@16",1,0,0.03,0.00,"c:\users\takana\desktop\sdl-1.2.15\src\video\wincommon\sdl_sysevents.c",252,"SDL.dll","C:\Users\takana\Documents\visual studio 2010\Projects\AuditorySceneAnalysis\Debug\SDL.dll",0x6D273BE0,34,"mic.exe",4144,
"_DIB_HandleMessage",1,0,0.03,0.00,"c:\users\takana\desktop\sdl-1.2.15\src\video\windib\sdl_dibevents.c",133,"SDL.dll","C:\Users\takana\Documents\visual studio 2010\Projects\AuditorySceneAnalysis\Debug\SDL.dll",0x6D24D820,35,"mic.exe",4144,
"_DefWindowProcA@16",1,0,0.03,0.00,"",0,"USER32.dll","C:\Windows\syswow64\USER32.dll",0x76FFCFF8,36,"mic.exe",4144,
"_RealDefWindowProcA@16",1,0,0.03,0.00,"",0,"USER32.dll","C:\Windows\syswow64\USER32.dll",0x76FFCFC5,37,"mic.exe",4144,
"_RealDefWindowProcWorker@24",1,0,0.03,0.00,"",0,"USER32.dll","C:\Windows\syswow64\USER32.dll",0x76FF69ED,38,"mic.exe",4144,
"_SendMessageWorker@24",1,0,0.03,0.00,"",0,"USER32.dll","C:\Windows\syswow64\USER32.dll",0x76FF954C,39,"mic.exe",4144,
"_UserCallWinProcCheckWow@32",1,0,0.03,0.00,"",0,"USER32.dll","C:\Windows\syswow64\USER32.dll",0x76FF6C83,40,"mic.exe",4144,
"_InternalCallWinProc@20",1,0,0.03,0.00,"",0,"USER32.dll","C:\Windows\syswow64\USER32.dll",0x76FF62D7,41,"mic.exe",4144,
"[imjp14.ime]",1,0,0.03,0.00,"<不明>",0,"imjp14.ime","C:\Windows\system32\imjp14.ime",0x6B3F0000,42,"mic.exe",4144,
"_CallWindowProcW@20",1,0,0.03,0.00,"",0,"USER32.dll","C:\Windows\syswow64\USER32.dll",0x77000D32,43,"mic.exe",4144,
"_CallWindowProcAorW@24",1,0,0.03,0.00,"",0,"USER32.dll","C:\Windows\syswow64\USER32.dll",0x77000CC9,44,"mic.exe",4144,
"_UserCallWinProcCheckWow@32",1,0,0.03,0.00,"",0,"USER32.dll","C:\Windows\syswow64\USER32.dll",0x76FF6C83,45,"mic.exe",4144,
"_InternalCallWinProc@20",1,0,0.03,0.00,"",0,"USER32.dll","C:\Windows\syswow64\USER32.dll",0x76FF62D7,46,"mic.exe",4144,
"_ImeWndProcW@16",1,0,0.03,0.00,"",0,"USER32.dll","C:\Windows\syswow64\USER32.dll",0x76FF75C4,47,"mic.exe",4144,
"_ImeWndProcWorker@24",1,0,0.03,0.00,"",0,"USER32.dll","C:\Windows\syswow64\USER32.dll",0x76FF74C5,48,"mic.exe",4144,
"_ImeNotifyHandler@16",1,0,0.03,0.00,"",0,"USER32.dll","C:\Windows\syswow64\USER32.dll",0x76FFD718,49,"mic.exe",4144,
"_SendMessageToUI@20",1,0,0.03,0.00,"",0,"USER32.dll","C:\Windows\syswow64\USER32.dll",0x76FFD611,50,"mic.exe",4144,
"_SendMessageWorker@24",1,0,0.03,0.00,"",0,"USER32.dll","C:\Windows\syswow64\USER32.dll",0x76FF954C,51,"mic.exe",4144,
"_UserCallWinProcCheckWow@32",1,0,0.03,0.00,"",0,"USER32.dll","C:\Windows\syswow64\USER32.dll",0x76FF6C83,52,"mic.exe",4144,
"_InternalCallWinProc@20",1,0,0.03,0.00,"",0,"USER32.dll","C:\Windows\syswow64\USER32.dll",0x76FF62D7,53,"mic.exe",4144,
"[imjp14.ime]",1,0,0.03,0.00,"<不明>",0,"imjp14.ime","C:\Windows\system32\imjp14.ime",0x6B3F0000,54,"mic.exe",4144,
"[imjp14.ime]",1,0,0.03,0.00,"<不明>",0,"imjp14.ime","C:\Windows\system32\imjp14.ime",0x6B3F0000,55,"mic.exe",4144,
"[imjp14.ime]",1,0,0.03,0.00,"<不明>",0,"imjp14.ime","C:\Windows\system32\imjp14.ime",0x6B3F0000,56,"mic.exe",4144,
"[imjp14.ime]",1,0,0.03,0.00,"<不明>",0,"imjp14.ime","C:\Windows\system32\imjp14.ime",0x6B3F0000,57,"mic.exe",4144,
"[imjp14.ime]",1,0,0.03,0.00,"<不明>",0,"imjp14.ime","C:\Windows\system32\imjp14.ime",0x6B3F0000,58,"mic.exe",4144,
"_memset",1,1,0.03,0.03,"",0,"MSVCR90.dll","C:\Windows\WinSxS\x86_microsoft.vc90.crt_1fc8b3b9a1e18e3b_9.0.30729.6161_none_50934f2ebcb7eb57\MSVCR90.dll",0x7365B680,59,"mic.exe",4144,
"_LoadLibraryExW@12",1,0,0.03,0.00,"",0,"KERNELBASE.dll","C:\Windows\syswow64\KERNELBASE.dll",0x76232AA4,2,"mic.exe",4144,
"[snxhk.dll]",1,0,0.03,0.00,"<不明>",0,"snxhk.dll","C:\Program Files\AVAST Software\Avast\snxhk.dll",0x70B80000,3,"mic.exe",4144,
"_LdrLoadDll@16",1,0,0.03,0.00,"",0,"ntdll.dll","C:\Windows\SysWOW64\ntdll.dll",0x77A7C45A,4,"mic.exe",4144,
"_LdrpLoadDll@24",1,0,0.03,0.00,"",0,"ntdll.dll","C:\Windows\SysWOW64\ntdll.dll",0x77A7C1FE,5,"mic.exe",4144,
"_LdrpFindOrMapDll@24",1,0,0.03,0.00,"",0,"ntdll.dll","C:\Windows\SysWOW64\ntdll.dll",0x77A7C10D,6,"mic.exe",4144,
"_LdrpFindLoadedDllByMapping@12",1,0,0.03,0.00,"",0,"ntdll.dll","C:\Windows\SysWOW64\ntdll.dll",0x77A80CE3,7,"mic.exe",4144,
"_NtAreMappedFilesTheSame@8",1,1,0.03,0.03,"",0,"ntdll.dll","C:\Windows\SysWOW64\ntdll.dll",0x77A60560,8,"mic.exe",4144,
"_VerNtUserCreateWindowEx@52",1,0,0.03,0.00,"",0,"USER32.dll","C:\Windows\syswow64\USER32.dll",0x76FFA75E,2,"mic.exe",4144,
"_NtUserCreateWindowEx@60",1,0,0.03,0.00,"",0,"USER32.dll","C:\Windows\syswow64\USER32.dll",0x76FFA948,3,"mic.exe",4144,
"_KiUserCallbackDispatcher@12",1,0,0.03,0.00,"",0,"ntdll.dll","C:\Windows\SysWOW64\ntdll.dll",0x77A500DC,4,"mic.exe",4144,
"___fnDWORD@4",1,0,0.03,0.00,"",0,"USER32.dll","C:\Windows\syswow64\USER32.dll",0x76FF6E19,5,"mic.exe",4144,
"_DispatchClientMessage@24",1,0,0.03,0.00,"",0,"USER32.dll","C:\Windows\syswow64\USER32.dll",0x76FF6D97,6,"mic.exe",4144,
"_UserCallWinProcCheckWow@32",1,0,0.03,0.00,"",0,"USER32.dll","C:\Windows\syswow64\USER32.dll",0x76FF6C83,7,"mic.exe",4144,
"_InternalCallWinProc@20",1,0,0.03,0.00,"",0,"USER32.dll","C:\Windows\syswow64\USER32.dll",0x76FF62D7,8,"mic.exe",4144,
"_ImeWndProcW@16",1,0,0.03,0.00,"",0,"USER32.dll","C:\Windows\syswow64\USER32.dll",0x76FF75C4,9,"mic.exe",4144,
"_ImeWndProcWorker@24",1,0,0.03,0.00,"",0,"USER32.dll","C:\Windows\syswow64\USER32.dll",0x76FF74C5,10,"mic.exe",4144,
"_ImeSystemHandler@16",1,0,0.03,0.00,"",0,"USER32.dll","C:\Windows\syswow64\USER32.dll",0x76FFADAD,11,"mic.exe",4144,
"_CtfLoadThreadLayout@4",1,0,0.03,0.00,"",0,"USER32.dll","C:\Windows\syswow64\USER32.dll",0x76FFB550,12,"mic.exe",4144,
"_ImmLoadIME@4",1,0,0.03,0.00,"",0,"IMM32.DLL","C:\Windows\system32\IMM32.DLL",0x76E3197A,13,"mic.exe",4144,
"_LoadImeDpi@8",1,0,0.03,0.00,"",0,"IMM32.DLL","C:\Windows\system32\IMM32.DLL",0x76E31A66,14,"mic.exe",4144,
"_LoadIME@12",1,0,0.03,0.00,"",0,"IMM32.DLL","C:\Windows\system32\IMM32.DLL",0x76E38AE7,15,"mic.exe",4144,
"_CheckAndApplyAppCompat@4",1,0,0.03,0.00,"",0,"IMM32.DLL","C:\Windows\system32\IMM32.DLL",0x76E3890E,16,"mic.exe",4144,
"_ApphelpCheckIME@4",1,0,0.03,0.00,"",0,"apphelp.dll","C:\Windows\system32\apphelp.dll",0x734B66F4,17,"mic.exe",4144,
"_ApphelpCheckExe@16",1,0,0.03,0.00,"",0,"apphelp.dll","C:\Windows\system32\apphelp.dll",0x734A5D8D,18,"mic.exe",4144,
"_ApphelpCheckModule@24",1,0,0.03,0.00,"",0,"apphelp.dll","C:\Windows\system32\apphelp.dll",0x7349A7ED,19,"mic.exe",4144,
"_ApphelpQueryExe@24",1,0,0.03,0.00,"",0,"apphelp.dll","C:\Windows\system32\apphelp.dll",0x7349DFBD,20,"mic.exe",4144,
"_SdbGetMatchingExe@24",1,0,0.03,0.00,"",0,"apphelp.dll","C:\Windows\system32\apphelp.dll",0x7349DF94,21,"mic.exe",4144,
"_SdbGetMatchingExeEx@32",1,0,0.03,0.00,"",0,"apphelp.dll","C:\Windows\system32\apphelp.dll",0x73494AC8,22,"mic.exe",4144,
"_SdbpSearchDB@24",1,0,0.03,0.00,"",0,"apphelp.dll","C:\Windows\system32\apphelp.dll",0x73495709,23,"mic.exe",4144,
"_SdbpCheckExe@36",1,0,0.03,0.00,"",0,"apphelp.dll","C:\Windows\system32\apphelp.dll",0x73494FA9,24,"mic.exe",4144,
"_SdbpCheckExe@36",1,0,0.03,0.00,"",0,"apphelp.dll","C:\Windows\system32\apphelp.dll",0x73494FA9,25,"mic.exe",4144,
"_SdbFindFirstTag@12",1,0,0.03,0.00,"",0,"apphelp.dll","C:\Windows\system32\apphelp.dll",0x734935C7,26,"mic.exe",4144,
"_SdbGetTagFromTagID@8",1,0,0.03,0.00,"",0,"apphelp.dll","C:\Windows\system32\apphelp.dll",0x73493660,27,"mic.exe",4144,
"_SdbpReadMappedData@16",1,0,0.03,0.00,"",0,"apphelp.dll","C:\Windows\system32\apphelp.dll",0x73493690,28,"mic.exe",4144,
"_memcpy",1,1,0.03,0.03,"",0,"ntdll.dll","C:\Windows\SysWOW64\ntdll.dll",0x77A62320,29,"mic.exe",4144,
"_GlobalAlloc@8",1,1,0.03,0.03,"",0,"KERNELBASE.dll","C:\Windows\syswow64\KERNELBASE.dll",0x76234DE7,2,"mic.exe",4144,
"_RtlFreeHeap@12",1,0,0.03,0.00,"",0,"ntdll.dll","C:\Windows\SysWOW64\ntdll.dll",0x77A6DFA5,2,"mic.exe",4144,
"@RtlpLowFragHeapAllocFromContext@8",1,0,0.03,0.00,"",0,"ntdll.dll","C:\Windows\SysWOW64\ntdll.dll",0x77A6E269,3,"mic.exe",4144,
"[libfftw3f-3.dll]",1,0,0.03,0.00,"<不明>",0,"libfftw3f-3.dll","C:\Users\takana\Documents\visual studio 2010\Projects\AuditorySceneAnalysis\Debug\libfftw3f-3.dll",0x63740000,4,"mic.exe",4144,
"[libfftw3f-3.dll]",1,0,0.03,0.00,"<不明>",0,"libfftw3f-3.dll","C:\Users\takana\Documents\visual studio 2010\Projects\AuditorySceneAnalysis\Debug\libfftw3f-3.dll",0x63740000,5,"mic.exe",4144,
"[libfftw3f-3.dll]",1,0,0.03,0.00,"<不明>",0,"libfftw3f-3.dll","C:\Users\takana\Documents\visual studio 2010\Projects\AuditorySceneAnalysis\Debug\libfftw3f-3.dll",0x63740000,6,"mic.exe",4144,
"[libfftw3f-3.dll]",1,0,0.03,0.00,"<不明>",0,"libfftw3f-3.dll","C:\Users\takana\Documents\visual studio 2010\Projects\AuditorySceneAnalysis\Debug\libfftw3f-3.dll",0x63740000,7,"mic.exe",4144,
"[libfftw3f-3.dll]",1,1,0.03,0.03,"<不明>",0,"libfftw3f-3.dll","C:\Users\takana\Documents\visual studio 2010\Projects\AuditorySceneAnalysis\Debug\libfftw3f-3.dll",0x63740000,8,"mic.exe",4144,
"_SetupDiGetDeviceInterfaceAlias@16",1,0,0.03,0.00,"",0,"SETUPAPI.dll","C:\Windows\syswow64\SETUPAPI.dll",0x7627ACF4,2,"mic.exe",4144,
"_DevObjGetDeviceInterfaceAlias@16",1,0,0.03,0.00,"",0,"DEVOBJ.dll","C:\Windows\syswow64\DEVOBJ.dll",0x77133F8C,3,"mic.exe",4144,
"_DevObjOpenDeviceInterface@16",1,0,0.03,0.00,"",0,"DEVOBJ.dll","C:\Windows\syswow64\DEVOBJ.dll",0x77134C9C,4,"mic.exe",4144,
"__DevObjOpenDeviceInterface@16",1,0,0.03,0.00,"",0,"DEVOBJ.dll","C:\Windows\syswow64\DEVOBJ.dll",0x77134D10,5,"mic.exe",4144,
"_pSetupOpenAndAddNewDevInfoElem@52",1,0,0.03,0.00,"",0,"DEVOBJ.dll","C:\Windows\syswow64\DEVOBJ.dll",0x77132E33,6,"mic.exe",4144,
"_CM_Locate_DevNode_ExW@16",1,0,0.03,0.00,"",0,"CFGMGR32.dll","C:\Windows\syswow64\CFGMGR32.dll",0x76A76971,7,"mic.exe",4144,
"_memset",1,1,0.03,0.03,"",0,"msvcrt.dll","C:\Windows\syswow64\msvcrt.dll",0x75FC9790,8,"mic.exe",4144,
"__endthreadex",3,0,0.10,0.00,"",0,"MSVCR100.dll","C:\Windows\system32\MSVCR100.dll",0x71F8C51C,0,"mic.exe",4144,
"__endthreadex",3,0,0.10,0.00,"",0,"MSVCR100.dll","C:\Windows\system32\MSVCR100.dll",0x71F8C51C,1,"mic.exe",4144,
"[portaudio_x86.dll]",3,0,0.10,0.00,"<不明>",0,"portaudio_x86.dll","D:\PATH\portaudio_x86.dll",0x6F260000,2,"mic.exe",4144,
"[portaudio_x86.dll]",3,1,0.10,0.03,"<不明>",0,"portaudio_x86.dll","D:\PATH\portaudio_x86.dll",0x6F260000,3,"mic.exe",4144,
"[portaudio_x86.dll]",2,0,0.07,0.00,"<不明>",0,"portaudio_x86.dll","D:\PATH\portaudio_x86.dll",0x6F260000,4,"mic.exe",4144,
"aqua::recordStream(void const *,void *,unsigned long,struct PaStreamCallbackTimeInfo const *,unsigned long,void *)",2,0,0.07,0.00,"c:\users\takana\documents\visual studio 2010\projects\auditorysceneanalysis\mic\audiocapture.cpp",24,"mic.exe","C:\Users\takana\Documents\visual studio 2010\Projects\AuditorySceneAnalysis\Debug\mic.exe",0x013C1000,5,"mic.exe",4144,
"aqua::SoundBuffer<float>::write(float *,int)",2,0,0.07,0.00,"c:\users\takana\documents\visual studio 2010\projects\auditorysceneanalysis\mic\soundbuffer.hpp",53,"mic.exe","C:\Users\takana\Documents\visual studio 2010\Projects\AuditorySceneAnalysis\Debug\mic.exe",0x013C1050,6,"mic.exe",4144,
"boost::unique_lock<class boost::shared_mutex>::unique_lock<class boost::shared_mutex>(class boost::shared_mutex &)",1,0,0.03,0.00,"c:\users\takana\documents\visual studio 2010\projects\auditorysceneanalysis\include\boost\thread\lock_types.hpp",123,"mic.exe","C:\Users\takana\Documents\visual studio 2010\Projects\AuditorySceneAnalysis\Debug\mic.exe",0x013C11A0,7,"mic.exe",4144,
"boost::unique_lock<class boost::shared_mutex>::lock(void)",1,0,0.03,0.00,"c:\users\takana\documents\visual studio 2010\projects\auditorysceneanalysis\include\boost\thread\lock_types.hpp",333,"mic.exe","C:\Users\takana\Documents\visual studio 2010\Projects\AuditorySceneAnalysis\Debug\mic.exe",0x013C14C0,8,"mic.exe",4144,
"boost::shared_mutex::lock(void)",1,0,0.03,0.00,"c:\users\takana\documents\visual studio 2010\projects\auditorysceneanalysis\include\boost\thread\win32\shared_mutex.hpp",381,"mic.exe","C:\Users\takana\Documents\visual studio 2010\Projects\AuditorySceneAnalysis\Debug\mic.exe",0x013C1D10,9,"mic.exe",4144,
"boost::detail::get_system_time_sentinel(void)",1,0,0.03,0.00,"c:\users\takana\documents\visual studio 2010\projects\auditorysceneanalysis\include\boost\thread\thread_time.hpp",31,"mic.exe","C:\Users\takana\Documents\visual studio 2010\Projects\AuditorySceneAnalysis\Debug\mic.exe",0x013C1D90,10,"mic.exe",4144,
"boost::posix_time::ptime::ptime(enum boost::date_time::special_values)",1,0,0.03,0.00,"c:\users\takana\documents\visual studio 2010\projects\auditorysceneanalysis\include\boost\date_time\posix_time\ptime.hpp",50,"mic.exe","C:\Users\takana\Documents\visual studio 2010\Projects\AuditorySceneAnalysis\Debug\mic.exe",0x013C1DD0,11,"mic.exe",4144,
"boost::date_time::base_time<class boost::posix_time::ptime,class boost::date_time::counted_time_system<struct boost::date_time::counted_time_rep<class boost::posix_time::millisec_posix_time_system_config> > >::base_time<class boost::posix_time::ptime,class boost::date_time::counted_time_system<struct boost::date_time::counted_time_rep<class boost::posix_time::millisec_posix_time_system_config> > >(enum boost::date_time::special_values)",1,0,0.03,0.00,"c:\users\takana\documents\visual studio 2010\projects\auditorysceneanalysis\include\boost\date_time\time.hpp",66,"mic.exe","C:\Users\takana\Documents\visual studio 2010\Projects\AuditorySceneAnalysis\Debug\mic.exe",0x013C2620,12,"mic.exe",4144,
"boost::date_time::counted_time_system<struct boost::date_time::counted_time_rep<class boost::posix_time::millisec_posix_time_system_config> >::get_time_rep(enum boost::date_time::special_values)",1,0,0.03,0.00,"c:\users\takana\documents\visual studio 2010\projects\auditorysceneanalysis\include\boost\date_time\time_system_counted.hpp",142,"mic.exe","C:\Users\takana\Documents\visual studio 2010\Projects\AuditorySceneAnalysis\Debug\mic.exe",0x013C2F10,13,"mic.exe",4144,
"boost::date_time::counted_time_rep<class boost::posix_time::millisec_posix_time_system_config>::counted_time_rep<class boost::posix_time::millisec_posix_time_system_config>(class boost::gregorian::date const &,class boost::posix_time::time_duration const &)",1,0,0.03,0.00,"c:\users\takana\documents\visual studio 2010\projects\auditorysceneanalysis\include\boost\date_time\time_system_counted.hpp",36,"mic.exe","C:\Users\takana\Documents\visual studio 2010\Projects\AuditorySceneAnalysis\Debug\mic.exe",0x013C5880,14,"mic.exe",4144,
"boost::date_time::int_adapter<__int64>::operator+<unsigned int>(class boost::date_time::int_adapter<unsigned int> const &)const ",1,1,0.03,0.03,"c:\users\takana\documents\visual studio 2010\projects\auditorysceneanalysis\include\boost\date_time\int_adapter.hpp",206,"mic.exe","C:\Users\takana\Documents\visual studio 2010\Projects\AuditorySceneAnalysis\Debug\mic.exe",0x013C7480,15,"mic.exe",4144,
"boost::unique_lock<class boost::shared_mutex>::~unique_lock<class boost::shared_mutex>(void)",1,0,0.03,0.00,"c:\users\takana\documents\visual studio 2010\projects\auditorysceneanalysis\include\boost\thread\lock_types.hpp",326,"mic.exe","C:\Users\takana\Documents\visual studio 2010\Projects\AuditorySceneAnalysis\Debug\mic.exe",0x013C1200,7,"mic.exe",4144,
"boost::shared_mutex::unlock(void)",1,0,0.03,0.00,"c:\users\takana\documents\visual studio 2010\projects\auditorysceneanalysis\include\boost\thread\win32\shared_mutex.hpp",607,"mic.exe","C:\Users\takana\Documents\visual studio 2010\Projects\AuditorySceneAnalysis\Debug\mic.exe",0x013C1250,8,"mic.exe",4144,
"boost::shared_mutex::interlocked_compare_exchange<struct boost::shared_mutex::state_data>(struct boost::shared_mutex::state_data *,struct boost::shared_mutex::state_data,struct boost::shared_mutex::state_data)",1,1,0.03,0.03,"c:\users\takana\documents\visual studio 2010\projects\auditorysceneanalysis\include\boost\thread\win32\shared_mutex.hpp",48,"mic.exe","C:\Users\takana\Documents\visual studio 2010\Projects\AuditorySceneAnalysis\Debug\mic.exe",0x013C6D60,9,"mic.exe",4144,
